Code,Country,Year,CO2_Mil_Tones,Population
AFG,Afghanistan,1993,1.334,15817000
AFG,Afghanistan,1994,1.282,17076000
AFG,Afghanistan,1995,1.231,18111000
AFG,Afghanistan,1996,1.165,18853000
AFG,Afghanistan,1997,1.084,19357000
AFG,Afghanistan,1998,1.029,19738000
AFG,Afghanistan,1999,0.81,20171000
AFG,Afghanistan,2000,0.768,20780000
AFG,Afghanistan,2001,0.812,21607000
AFG,Afghanistan,2002,1.064,22601000
AFG,Afghanistan,2003,1.205,23681000
AFG,Afghanistan,2004,0.908,24727000
AFG,Afghanistan,2005,1.32,25654000
AFG,Afghanistan,2006,1.643,26433000
AFG,Afghanistan,2007,2.268,27101000
AFG,Afghanistan,2008,4.198,27722000
AFG,Afghanistan,2009,6.76,28395000
AFG,Afghanistan,2010,8.452,29186000
AFG,Afghanistan,2011,12.226,30117000
AFG,Afghanistan,2012,10.742,31161000
AFG,Afghanistan,2013,9.037,32270000
AFG,Afghanistan,2014,8.45,33371000
AFG,Afghanistan,2015,9.02,34414000
AFG,Afghanistan,2016,8.653,35383000
AFG,Afghanistan,2017,8.971,36296000
AFG,Afghanistan,2018,9.439,37172000
ALB,Albania,1993,2.334,3195000
ALB,Albania,1994,1.924,3147000
ALB,Albania,1995,2.085,3113000
ALB,Albania,1996,2.015,3099000
ALB,Albania,1997,1.543,3100000
ALB,Albania,1998,1.751,3111000
ALB,Albania,1999,2.982,3123000
ALB,Albania,2000,3.019,3129000
ALB,Albania,2001,3.221,3130000
ALB,Albania,2002,3.748,3126000
ALB,Albania,2003,4.291,3118000
ALB,Albania,2004,4.162,3105000
ALB,Albania,2005,4.25,3087000
ALB,Albania,2006,3.895,3063000
ALB,Albania,2007,3.924,3034000
ALB,Albania,2008,4.371,3003000
ALB,Albania,2009,4.375,2973000
ALB,Albania,2010,4.595,2948000
ALB,Albania,2011,5.236,2929000
ALB,Albania,2012,4.921,2914000
ALB,Albania,2013,4.91,2904000
ALB,Albania,2014,5.485,2896000
ALB,Albania,2015,4.613,2891000
ALB,Albania,2016,4.532,2886000
ALB,Albania,2017,4.651,2884000
ALB,Albania,2018,4.57,2883000
DZA,Algeria,1993,81.942,27636000
DZA,Algeria,1994,86.147,28214000
DZA,Algeria,1995,94.982,28758000
DZA,Algeria,1996,96.786,29266000
DZA,Algeria,1997,87.004,29743000
DZA,Algeria,1998,106.621,30193000
DZA,Algeria,1999,91.668,30623000
DZA,Algeria,2000,87.443,31042000
DZA,Algeria,2001,83.781,31452000
DZA,Algeria,2002,89.407,31855000
DZA,Algeria,2003,91.048,32264000
DZA,Algeria,2004,87.853,32692000
DZA,Algeria,2005,106.473,33150000
DZA,Algeria,2006,100.201,33641000
DZA,Algeria,2007,108.4,34167000
DZA,Algeria,2008,109.032,34731000
DZA,Algeria,2009,120.186,35334000
DZA,Algeria,2010,117.814,35977000
DZA,Algeria,2011,119.807,36661000
DZA,Algeria,2012,128.11,37384000
DZA,Algeria,2013,132.435,38140000
DZA,Algeria,2014,143.188,38924000
DZA,Algeria,2015,150.704,39728000
DZA,Algeria,2016,147.579,40551000
DZA,Algeria,2017,147.223,41389000
DZA,Algeria,2018,155.725,42228000
AGO,Angola,1993,5.748,13075000
AGO,Angola,1994,3.866,13504000
AGO,Angola,1995,10.948,13945000
AGO,Angola,1996,10.425,14401000
AGO,Angola,1997,7.348,14872000
AGO,Angola,1998,7.27,15360000
AGO,Angola,1999,9.13,15867000
AGO,Angola,2000,9.515,16395000
AGO,Angola,2001,9.672,16946000
AGO,Angola,2002,12.598,17519000
AGO,Angola,2003,8.988,18121000
AGO,Angola,2004,18.702,18758000
AGO,Angola,2005,19.006,19434000
AGO,Angola,2006,22.102,20150000
AGO,Angola,2007,24.976,20905000
AGO,Angola,2008,25.486,21696000
AGO,Angola,2009,27.566,22514000
AGO,Angola,2010,28.864,23356000
AGO,Angola,2011,30.33,24221000
AGO,Angola,2012,33.801,25108000
AGO,Angola,2013,33.229,26016000
AGO,Angola,2014,44.249,26942000
AGO,Angola,2015,33.979,27884000
AGO,Angola,2016,34.111,28842000
AGO,Angola,2017,34.112,29817000
AGO,Angola,2018,34.537,30810000
ARG,Argentina,1993,117.565,33970000
ARG,Argentina,1994,122.01,34403000
ARG,Argentina,1995,127.598,34828000
ARG,Argentina,1996,134.644,35246000
ARG,Argentina,1997,137.558,35657000
ARG,Argentina,1998,139.354,36063000
ARG,Argentina,1999,146.51,36467000
ARG,Argentina,2000,141.717,36871000
ARG,Argentina,2001,133.311,37276000
ARG,Argentina,2002,124.382,37682000
ARG,Argentina,2003,134.621,38088000
ARG,Argentina,2004,157.034,38492000
ARG,Argentina,2005,161.425,38893000
ARG,Argentina,2006,174.618,39290000
ARG,Argentina,2007,174.233,39684000
ARG,Argentina,2008,188.041,40080000
ARG,Argentina,2009,178.867,40483000
ARG,Argentina,2010,186.672,40896000
ARG,Argentina,2011,190.237,41320000
ARG,Argentina,2012,191.715,41755000
ARG,Argentina,2013,192.275,42196000
ARG,Argentina,2014,194.431,42638000
ARG,Argentina,2015,199.859,43075000
ARG,Argentina,2016,200.039,43508000
ARG,Argentina,2017,199.552,43937000
ARG,Argentina,2018,195.531,44361000
ARM,Armenia,1993,2.574,3363000
ARM,Armenia,1994,2.715,3284000
ARM,Armenia,1995,3.432,3217000
ARM,Armenia,1996,2.593,3168000
ARM,Armenia,1997,3.266,3133000
ARM,Armenia,1998,3.397,3109000
ARM,Armenia,1999,3.048,3089000
ARM,Armenia,2000,3.491,3070000
ARM,Armenia,2001,3.533,3051000
ARM,Armenia,2002,3.077,3034000
ARM,Armenia,2003,3.456,3018000
ARM,Armenia,2004,3.691,3001000
ARM,Armenia,2005,4.376,2981000
ARM,Armenia,2006,4.402,2958000
ARM,Armenia,2007,5.1,2933000
ARM,Armenia,2008,5.575,2908000
ARM,Armenia,2009,4.363,2888000
ARM,Armenia,2010,4.253,2877000
ARM,Armenia,2011,4.969,2877000
ARM,Armenia,2012,5.748,2884000
ARM,Armenia,2013,5.535,2898000
ARM,Armenia,2014,5.56,2912000
ARM,Armenia,2015,4.834,2926000
ARM,Armenia,2016,5.173,2936000
ARM,Armenia,2017,5.006,2945000
ARM,Armenia,2018,5.571,2952000
AUS,Australia,1993,289.235,17603000
AUS,Australia,1994,294.015,17799000
AUS,Australia,1995,305.41,17993000
AUS,Australia,1996,312.361,18189000
AUS,Australia,1997,320.795,18387000
AUS,Australia,1998,334.684,18587000
AUS,Australia,1999,344.063,18788000
AUS,Australia,2000,350.195,18991000
AUS,Australia,2001,357.669,19195000
AUS,Australia,2002,362.209,19401000
AUS,Australia,2003,369.726,19624000
AUS,Australia,2004,383.205,19880000
AUS,Australia,2005,386.515,20179000
AUS,Australia,2006,392.682,20526000
AUS,Australia,2007,400.415,20916000
AUS,Australia,2008,405.049,21332000
AUS,Australia,2009,408.345,21751000
AUS,Australia,2010,406.426,22155000
AUS,Australia,2011,404.264,22538000
AUS,Australia,2012,406.987,22904000
AUS,Australia,2013,398.052,23255000
AUS,Australia,2014,393.289,23596000
AUS,Australia,2015,402.538,23932000
AUS,Australia,2016,413.157,24263000
AUS,Australia,2017,417.041,24585000
AUS,Australia,2018,420.221,24898000
AUT,Austria,1993,60.806,7892000
AUT,Austria,1994,61.199,7947000
AUT,Austria,1995,64.268,7990000
AUT,Austria,1996,67.694,8018000
AUT,Austria,1997,67.464,8033000
AUT,Austria,1998,67.067,8041000
AUT,Austria,1999,65.737,8051000
AUT,Austria,2000,66.313,8069000
AUT,Austria,2001,70.275,8098000
AUT,Austria,2002,72.124,8134000
AUT,Austria,2003,77.799,8176000
AUT,Austria,2004,77.921,8217000
AUT,Austria,2005,79.395,8254000
AUT,Austria,2006,77.061,8285000
AUT,Austria,2007,74.469,8314000
AUT,Austria,2008,73.727,8342000
AUT,Austria,2009,67.724,8373000
AUT,Austria,2010,72.228,8410000
AUT,Austria,2011,70.143,8454000
AUT,Austria,2012,67.577,8502000
AUT,Austria,2013,68.161,8556000
AUT,Austria,2014,64.467,8615000
AUT,Austria,2015,66.733,8679000
AUT,Austria,2016,67.315,8747000
AUT,Austria,2017,69.979,8820000
AUT,Austria,2018,68.87,8891000
AZE,Azerbaijan,1993,48.408,7582000
AZE,Azerbaijan,1994,41.947,7684000
AZE,Azerbaijan,1995,33.311,7775000
AZE,Azerbaijan,1996,31.242,7856000
AZE,Azerbaijan,1997,29.804,7926000
AZE,Azerbaijan,1998,31.665,7990000
AZE,Azerbaijan,1999,28.57,8054000
AZE,Azerbaijan,2000,29.506,8123000
AZE,Azerbaijan,2001,28.793,8197000
AZE,Azerbaijan,2002,29.642,8277000
AZE,Azerbaijan,2003,30.627,8361000
AZE,Azerbaijan,2004,32.078,8449000
AZE,Azerbaijan,2005,34.286,8539000
AZE,Azerbaijan,2006,39.109,8630000
AZE,Azerbaijan,2007,30.458,8724000
AZE,Azerbaijan,2008,35.451,8822000
AZE,Azerbaijan,2009,31.857,8924000
AZE,Azerbaijan,2010,30.633,9032000
AZE,Azerbaijan,2011,32.976,9146000
AZE,Azerbaijan,2012,35.048,9265000
AZE,Azerbaijan,2013,35.046,9385000
AZE,Azerbaijan,2014,36.814,9506000
AZE,Azerbaijan,2015,37.074,9623000
AZE,Azerbaijan,2016,37.165,9736000
AZE,Azerbaijan,2017,36.652,9845000
AZE,Azerbaijan,2018,36.788,9950000
BGD,Bangladesh,1993,16.062,110351000
BGD,Bangladesh,1994,17.538,112738000
BGD,Bangladesh,1995,21.042,115170000
BGD,Bangladesh,1996,21.492,117650000
BGD,Bangladesh,1997,23.126,120161000
BGD,Bangladesh,1998,23.198,122683000
BGD,Bangladesh,1999,25.076,125190000
BGD,Bangladesh,2000,26.525,127658000
BGD,Bangladesh,2001,31.035,130089000
BGD,Bangladesh,2002,31.981,132478000
BGD,Bangladesh,2003,33.459,134792000
BGD,Bangladesh,2004,35.945,136986000
BGD,Bangladesh,2005,37.677,139036000
BGD,Bangladesh,2006,41.689,140920992
BGD,Bangladesh,2007,42.642,142660000
BGD,Bangladesh,2008,45.301,144304000
BGD,Bangladesh,2009,49.148,145924992
BGD,Bangladesh,2010,53.992,147575008
BGD,Bangladesh,2011,56.556,149272992
BGD,Bangladesh,2012,60.691,151006000
BGD,Bangladesh,2013,61.782,152760992
BGD,Bangladesh,2014,65.979,154516992
BGD,Bangladesh,2015,72.835,156256000
BGD,Bangladesh,2016,76.004,157976992
BGD,Bangladesh,2017,78.884,159684992
BGD,Bangladesh,2018,85.693,161376992
BLR,Belarus,1993,77.619,10135000
BLR,Belarus,1994,64.375,10108000
BLR,Belarus,1995,57.95,10078000
BLR,Belarus,1996,59.204,10045000
BLR,Belarus,1997,62.548,10009000
BLR,Belarus,1998,59.412,9970000
BLR,Belarus,1999,56.996,9924000
BLR,Belarus,2000,55.463,9872000
BLR,Belarus,2001,55.564,9811000
BLR,Belarus,2002,55.682,9746000
BLR,Belarus,2003,57.118,9679000
BLR,Belarus,2004,60.773,9617000
BLR,Belarus,2005,62.056,9562000
BLR,Belarus,2006,64.868,9517000
BLR,Belarus,2007,64.271,9481000
BLR,Belarus,2008,66.417,9453000
BLR,Belarus,2009,61.962,9433000
BLR,Belarus,2010,63.883,9421000
BLR,Belarus,2011,62.823,9415000
BLR,Belarus,2012,63.707,9417000
BLR,Belarus,2013,64.462,9424000
BLR,Belarus,2014,63.794,9432000
BLR,Belarus,2015,59.291,9439000
BLR,Belarus,2016,60.942,9446000
BLR,Belarus,2017,62.699,9450000
BLR,Belarus,2018,65.456,9453000
BTN,Bhutan,1993,0.173,533000
BTN,Bhutan,1994,0.201,532000
BTN,Bhutan,1995,0.236,535000
BTN,Bhutan,1996,0.285,541000
BTN,Bhutan,1997,0.377,552000
BTN,Bhutan,1998,0.367,564000
BTN,Bhutan,1999,0.371,578000
BTN,Bhutan,2000,0.382,591000
BTN,Bhutan,2001,0.369,604000
BTN,Bhutan,2002,0.402,616000
BTN,Bhutan,2003,0.361,628000
BTN,Bhutan,2004,0.29,639000
BTN,Bhutan,2005,0.378,649000
BTN,Bhutan,2006,0.373,657000
BTN,Bhutan,2007,0.372,665000
BTN,Bhutan,2008,0.401,672000
BTN,Bhutan,2009,0.368,678000
BTN,Bhutan,2010,0.464,686000
BTN,Bhutan,2011,0.667,693000
BTN,Bhutan,2012,0.772,702000
BTN,Bhutan,2013,0.853,710000
BTN,Bhutan,2014,0.957,719000
BTN,Bhutan,2015,0.974,728000
BTN,Bhutan,2016,1.151,737000
BTN,Bhutan,2017,1.178,746000
BTN,Bhutan,2018,1.214,754000
BOL,Bolivia,1993,7.792,7313000
BOL,Bolivia,1994,8.592,7467000
BOL,Bolivia,1995,9.799,7622000
BOL,Bolivia,1996,9.775,7779000
BOL,Bolivia,1997,10.883,7937000
BOL,Bolivia,1998,10.924,8097000
BOL,Bolivia,1999,10.376,8257000
BOL,Bolivia,2000,11.005,8418000
BOL,Bolivia,2001,8.561,8580000
BOL,Bolivia,2002,10.328,8743000
BOL,Bolivia,2003,11.011,8906000
BOL,Bolivia,2004,11.018,9069000
BOL,Bolivia,2005,12.071,9232000
BOL,Bolivia,2006,14.921,9395000
BOL,Bolivia,2007,12.177,9558000
BOL,Bolivia,2008,13.041,9721000
BOL,Bolivia,2009,13.629,9885000
BOL,Bolivia,2010,14.927,10049000
BOL,Bolivia,2011,16.005,10213000
BOL,Bolivia,2012,18.511,10378000
BOL,Bolivia,2013,18.807,10542000
BOL,Bolivia,2014,19.966,10707000
BOL,Bolivia,2015,19.696,10870000
BOL,Bolivia,2016,21.214,11032000
BOL,Bolivia,2017,21.712,11193000
BOL,Bolivia,2018,22.262,11353000
BIH,Bosnia and Herzegovina,1993,12.579,4079000
BIH,Bosnia and Herzegovina,1994,3.204,3937000
BIH,Bosnia and Herzegovina,1995,3.403,3829000
BIH,Bosnia and Herzegovina,1996,4.238,3764000
BIH,Bosnia and Herzegovina,1997,8.365,3736000
BIH,Bosnia and Herzegovina,1998,10.551,3734000
BIH,Bosnia and Herzegovina,1999,10.334,3743000
BIH,Bosnia and Herzegovina,2000,13.701,3751000
BIH,Bosnia and Herzegovina,2001,13.264,3756000
BIH,Bosnia and Herzegovina,2002,14.173,3759000
BIH,Bosnia and Herzegovina,2003,14.35,3762000
BIH,Bosnia and Herzegovina,2004,15.462,3764000
BIH,Bosnia and Herzegovina,2005,16.046,3765000
BIH,Bosnia and Herzegovina,2006,17.387,3765000
BIH,Bosnia and Herzegovina,2007,17.474,3763000
BIH,Bosnia and Herzegovina,2008,19.959,3754000
BIH,Bosnia and Herzegovina,2009,20.537,3736000
BIH,Bosnia and Herzegovina,2010,21.146,3705000
BIH,Bosnia and Herzegovina,2011,23.761,3661000
BIH,Bosnia and Herzegovina,2012,22.136,3605000
BIH,Bosnia and Herzegovina,2013,21.801,3543000
BIH,Bosnia and Herzegovina,2014,19.311,3482000
BIH,Bosnia and Herzegovina,2015,18.461,3429000
BIH,Bosnia and Herzegovina,2016,21.733,3386000
BIH,Bosnia and Herzegovina,2017,21.781,3352000
BIH,Bosnia and Herzegovina,2018,21.672,3324000
BWA,Botswana,1993,3.195,1399000
BWA,Botswana,1994,3.03,1434000
BWA,Botswana,1995,3.045,1469000
BWA,Botswana,1996,2.755,1505000
BWA,Botswana,1997,2.799,1540000
BWA,Botswana,1998,3.342,1576000
BWA,Botswana,1999,3.158,1610000
BWA,Botswana,2000,3.778,1643000
BWA,Botswana,2001,3.847,1675000
BWA,Botswana,2002,3.975,1705000
BWA,Botswana,2003,3.825,1734000
BWA,Botswana,2004,3.895,1766000
BWA,Botswana,2005,4.093,1799000
BWA,Botswana,2006,4.133,1836000
BWA,Botswana,2007,4.228,1875000
BWA,Botswana,2008,4.503,1916000
BWA,Botswana,2009,3.856,1953000
BWA,Botswana,2010,4.536,1987000
BWA,Botswana,2011,4.029,2015000
BWA,Botswana,2012,5.077,2040000
BWA,Botswana,2013,5.663,2063000
BWA,Botswana,2014,6.85,2089000
BWA,Botswana,2015,5.425,2121000
BWA,Botswana,2016,6.333,2160000
BWA,Botswana,2017,6.912,2205000
BWA,Botswana,2018,6.666,2254000
BRA,Brazil,1993,228.333,156848992
BRA,Brazil,1994,239.471,159432992
BRA,Brazil,1995,255.584,162020000
BRA,Brazil,1996,281.195,164615008
BRA,Brazil,1997,296.585,167208992
BRA,Brazil,1998,308.305,169784992
BRA,Brazil,1999,316.282,172319008
BRA,Brazil,2000,324.226,174790000
BRA,Brazil,2001,332.987,177196000
BRA,Brazil,2002,327.435,179538000
BRA,Brazil,2003,317.508,181808992
BRA,Brazil,2004,333.675,184006000
BRA,Brazil,2005,342.086,186127008
BRA,Brazil,2006,341.946,188167008
BRA,Brazil,2007,356.919,190130000
BRA,Brazil,2008,380.345,192030000
BRA,Brazil,2009,360.091,193887008
BRA,Brazil,2010,411.24,195714000
BRA,Brazil,2011,429.959,197515008
BRA,Brazil,2012,460.098,199287008
BRA,Brazil,2013,495.047,201036000
BRA,Brazil,2014,523.894,202764000
BRA,Brazil,2015,495.214,204472000
BRA,Brazil,2016,454.195,206163008
BRA,Brazil,2017,463.84,207834000
BRA,Brazil,2018,457.19,209468992
BGR,Bulgaria,1993,57.562,8576000
BGR,Bulgaria,1994,55.958,8475000
BGR,Bulgaria,1995,57.573,8379000
BGR,Bulgaria,1996,57.972,8292000
BGR,Bulgaria,1997,55.59,8212000
BGR,Bulgaria,1998,53.176,8138000
BGR,Bulgaria,1999,46.279,8067000
BGR,Bulgaria,2000,45.211,7998000
BGR,Bulgaria,2001,48.923,7931000
BGR,Bulgaria,2002,46.167,7866000
BGR,Bulgaria,2003,50.416,7804000
BGR,Bulgaria,2004,49.507,7745000
BGR,Bulgaria,2005,50.591,7687000
BGR,Bulgaria,2006,51.826,7631000
BGR,Bulgaria,2007,55.637,7577000
BGR,Bulgaria,2008,53.974,7524000
BGR,Bulgaria,2009,45.706,7474000
BGR,Bulgaria,2010,47.794,7425000
BGR,Bulgaria,2011,53.118,7379000
BGR,Bulgaria,2012,48.269,7334000
BGR,Bulgaria,2013,42.566,7290000
BGR,Bulgaria,2014,45.09,7246000
BGR,Bulgaria,2015,48.095,7200000
BGR,Bulgaria,2016,45.258,7152000
BGR,Bulgaria,2017,47.402,7102000
BGR,Bulgaria,2018,44.511,7052000
BDI,Burundi,1993,0.227,5798000
BDI,Burundi,1994,0.234,5899000
BDI,Burundi,1995,0.238,5987000
BDI,Burundi,1996,0.242,6060000
BDI,Burundi,1997,0.249,6122000
BDI,Burundi,1998,0.249,6186000
BDI,Burundi,1999,0.253,6267000
BDI,Burundi,2000,0.271,6379000
BDI,Burundi,2001,0.205,6526000
BDI,Burundi,2002,0.213,6704000
BDI,Burundi,2003,0.161,6909000
BDI,Burundi,2004,0.198,7132000
BDI,Burundi,2005,0.154,7365000
BDI,Burundi,2006,0.187,7608000
BDI,Burundi,2007,0.187,7862000
BDI,Burundi,2008,0.191,8126000
BDI,Burundi,2009,0.191,8398000
BDI,Burundi,2010,0.308,8676000
BDI,Burundi,2011,0.421,8958000
BDI,Burundi,2012,0.38,9246000
BDI,Burundi,2013,0.399,9540000
BDI,Burundi,2014,0.376,9844000
BDI,Burundi,2015,0.392,10160000
BDI,Burundi,2016,0.483,10488000
BDI,Burundi,2017,0.508,10827000
BDI,Burundi,2018,0.522,11175000
CMR,Cameroon,1993,2.88,12864000
CMR,Cameroon,1994,2.84,13231000
CMR,Cameroon,1995,3.203,13600000
CMR,Cameroon,1996,3.592,13971000
CMR,Cameroon,1997,3.156,14344000
CMR,Cameroon,1998,3.137,14724000
CMR,Cameroon,1999,2.998,15113000
CMR,Cameroon,2000,3.346,15514000
CMR,Cameroon,2001,3.325,15929000
CMR,Cameroon,2002,3.324,16358000
CMR,Cameroon,2003,3.698,16801000
CMR,Cameroon,2004,3.85,17259000
CMR,Cameroon,2005,3.591,17733000
CMR,Cameroon,2006,3.752,18224000
CMR,Cameroon,2007,5.702,18730000
CMR,Cameroon,2008,5.426,19253000
CMR,Cameroon,2009,6.595,19790000
CMR,Cameroon,2010,6.662,20341000
CMR,Cameroon,2011,6.162,20906000
CMR,Cameroon,2012,5.872,21485000
CMR,Cameroon,2013,4.864,22077000
CMR,Cameroon,2014,6.649,22682000
CMR,Cameroon,2015,7.744,23298000
CMR,Cameroon,2016,7.996,23927000
CMR,Cameroon,2017,8.004,24566000
CMR,Cameroon,2018,8.137,25216000
CAN,Canada,1993,466.578,28548000
CAN,Canada,1994,481.647,28861000
CAN,Canada,1995,494.241,29164000
CAN,Canada,1996,509.694,29458000
CAN,Canada,1997,524.433,29742000
CAN,Canada,1998,533.101,30022000
CAN,Canada,1999,548.939,30303000
CAN,Canada,2000,571.507,30588000
CAN,Canada,2001,564.231,30880000
CAN,Canada,2002,570.552,31178000
CAN,Canada,2003,587.492,31488000
CAN,Canada,2004,586.469,31815000
CAN,Canada,2005,576.859,32164000
CAN,Canada,2006,570.811,32537000
CAN,Canada,2007,594.732,32931000
CAN,Canada,2008,575.454,33338000
CAN,Canada,2009,543.068,33746000
CAN,Canada,2010,556.42,34148000
CAN,Canada,2011,566.674,34539000
CAN,Canada,2012,570.158,34922000
CAN,Canada,2013,577.346,35297000
CAN,Canada,2014,577.36,35664000
CAN,Canada,2015,576.757,36027000
CAN,Canada,2016,564.068,36383000
CAN,Canada,2017,571.139,36732000
CAN,Canada,2018,568.412,37075000
TCD,Chad,1993,0.403,6564000
TCD,Chad,1994,0.407,6781000
TCD,Chad,1995,0.421,7010000
TCD,Chad,1996,0.436,7251000
TCD,Chad,1997,0.451,7503000
TCD,Chad,1998,0.462,7770000
TCD,Chad,1999,0.476,8054000
TCD,Chad,2000,0.487,8356000
TCD,Chad,2001,0.502,8678000
TCD,Chad,2002,0.509,9019000
TCD,Chad,2003,0.744,9374000
TCD,Chad,2004,0.747,9735000
TCD,Chad,2005,0.766,10097000
TCD,Chad,2006,0.791,10457000
TCD,Chad,2007,0.854,10818000
TCD,Chad,2008,0.927,11184000
TCD,Chad,2009,0.942,11560000
TCD,Chad,2010,0.997,11952000
TCD,Chad,2011,0.821,12361000
TCD,Chad,2012,0.903,12785000
TCD,Chad,2013,0.944,13220000
TCD,Chad,2014,0.978,13664000
TCD,Chad,2015,0.978,14111000
TCD,Chad,2016,0.993,14562000
TCD,Chad,2017,0.991,15017000
TCD,Chad,2018,1.014,15478000
CHL,Chile,1993,34.259,13945000
CHL,Chile,1994,37.74,14166000
CHL,Chile,1995,41.09,14381000
CHL,Chile,1996,47.628,14587000
CHL,Chile,1997,55.45,14786000
CHL,Chile,1998,56.807,14978000
CHL,Chile,1999,60.907,15163000
CHL,Chile,2000,58.114,15342000
CHL,Chile,2001,52.576,15516000
CHL,Chile,2002,54.49,15684000
CHL,Chile,2003,54.884,15850000
CHL,Chile,2004,59.047,16015000
CHL,Chile,2005,60.947,16183000
CHL,Chile,2006,63.972,16355000
CHL,Chile,2007,70.707,16530000
CHL,Chile,2008,70.819,16708000
CHL,Chile,2009,65.92,16886000
CHL,Chile,2010,71.33,17063000
CHL,Chile,2011,78.084,17234000
CHL,Chile,2012,79.704,17400000
CHL,Chile,2013,81.692,17572000
CHL,Chile,2014,77.415,17759000
CHL,Chile,2015,81.626,17969000
CHL,Chile,2016,84.143,18209000
CHL,Chile,2017,83.442,18470000
CHL,Chile,2018,85.877,18729000
CHN,China,1993,2835.795,1218817024
CHN,China,1994,3010.242,1230019968
CHN,China,1995,3265.057,1240920960
CHN,China,1996,3408.347,1251635968
CHN,China,1997,3414.549,1261996032
CHN,China,1998,3265.903,1271981952
CHN,China,1999,3258.135,1281515008
CHN,China,2000,3349.295,1290551040
CHN,China,2001,3426.144,1299129984
CHN,China,2002,3782.439,1307352064
CHN,China,2003,4452.31,1315303936
CHN,China,2004,5125.894,1323085056
CHN,China,2005,5771.168,1330776064
CHN,China,2006,6377.748,1338408960
CHN,China,2007,6861.751,1345993984
CHN,China,2008,7375.19,1353569024
CHN,China,2009,7758.812,1361169024
CHN,China,2010,8500.543,1368811008
CHN,China,2011,9388.199,1376498048
CHN,China,2012,9633.899,1384205952
CHN,China,2013,9796.527,1391883008
CHN,China,2014,9820.36,1399453952
CHN,China,2015,9716.468,1406848000
CHN,China,2016,9704.479,1414049024
CHN,China,2017,9838.754,1421021952
CHN,China,2018,10064.686,1427648000
COL,Colombia,1993,63.338,35091000
COL,Colombia,1994,66.791,35759000
COL,Colombia,1995,58.775,36421000
COL,Colombia,1996,59.771,37076000
COL,Colombia,1997,64.497,37724000
COL,Colombia,1998,65.158,38364000
COL,Colombia,1999,54.761,38999000
COL,Colombia,2000,56.259,39630000
COL,Colombia,2001,55.939,40256000
COL,Colombia,2002,55.43,40875000
COL,Colombia,2003,57.094,41484000
COL,Colombia,2004,54.569,42076000
COL,Colombia,2005,60.06,42648000
COL,Colombia,2006,62.005,43201000
COL,Colombia,2007,61.406,43738000
COL,Colombia,2008,67.262,44255000
COL,Colombia,2009,72.557,44750000
COL,Colombia,2010,76.278,45223000
COL,Colombia,2011,76.08,45663000
COL,Colombia,2012,79.727,46076000
COL,Colombia,2013,91.843,46495000
COL,Colombia,2014,85.716,46968000
COL,Colombia,2015,93.084,47521000
COL,Colombia,2016,96.832,48175000
COL,Colombia,2017,93.146,48910000
COL,Colombia,2018,97.269,49661000
HRV,Croatia,1993,16.966,4698000
HRV,Croatia,1994,16.225,4658000
HRV,Croatia,1995,16.933,4617000
HRV,Croatia,1996,17.524,4575000
HRV,Croatia,1997,18.586,4532000
HRV,Croatia,1998,19.29,4492000
HRV,Croatia,1999,20.127,4456000
HRV,Croatia,2000,19.699,4428000
HRV,Croatia,2001,20.817,4408000
HRV,Croatia,2002,21.925,4396000
HRV,Croatia,2003,23.278,4389000
HRV,Croatia,2004,22.925,4384000
HRV,Croatia,2005,23.384,4378000
HRV,Croatia,2006,23.603,4371000
HRV,Croatia,2007,24.919,4362000
HRV,Croatia,2008,23.66,4353000
HRV,Croatia,2009,21.849,4341000
HRV,Croatia,2010,21.064,4328000
HRV,Croatia,2011,20.699,4313000
HRV,Croatia,2012,19.116,4296000
HRV,Croatia,2013,18.455,4277000
HRV,Croatia,2014,17.708,4256000
HRV,Croatia,2015,17.841,4233000
HRV,Croatia,2016,18.083,4209000
HRV,Croatia,2017,18.717,4183000
HRV,Croatia,2018,18.6,4156000
CZE,Czech Republic,1993,138.636,10359000
CZE,Czech Republic,1994,132.374,10361000
CZE,Czech Republic,1995,131.606,10358000
CZE,Czech Republic,1996,134.96,10350000
CZE,Czech Republic,1997,130.729,10338000
CZE,Czech Republic,1998,125.313,10323000
CZE,Czech Republic,1999,116.618,10306000
CZE,Czech Republic,2000,127.06,10289000
CZE,Czech Republic,2001,126.952,10271000
CZE,Czech Republic,2002,123.889,10252000
CZE,Czech Republic,2003,127.376,10239000
CZE,Czech Republic,2004,128.11,10239000
CZE,Czech Republic,2005,125.671,10258000
CZE,Czech Republic,2006,126.447,10299000
CZE,Czech Republic,2007,128.261,10358000
CZE,Czech Republic,2008,122.974,10425000
CZE,Czech Republic,2009,115.224,10488000
CZE,Czech Republic,2010,117.46,10537000
CZE,Czech Republic,2011,115.005,10567000
CZE,Czech Republic,2012,110.905,10581000
CZE,Czech Republic,2013,106.377,10587000
CZE,Czech Republic,2014,104.015,10591000
CZE,Czech Republic,2015,104.786,10601000
CZE,Czech Republic,2016,106.599,10619000
CZE,Czech Republic,2017,105.607,10641000
CZE,Czech Republic,2018,105.945,10666000
COD,Democratic Republic of Congo,1993,2.662,38816000
COD,Democratic Republic of Congo,1994,1.699,40253000
COD,Democratic Republic of Congo,1995,2.104,41576000
COD,Democratic Republic of Congo,1996,2.312,42757000
COD,Democratic Republic of Congo,1997,1.875,43827000
COD,Democratic Republic of Congo,1998,1.655,44850000
COD,Democratic Republic of Congo,1999,1.319,45920000
COD,Democratic Republic of Congo,2000,0.893,47106000
COD,Democratic Republic of Congo,2001,0.769,48429000
COD,Democratic Republic of Congo,2002,0.85,49872000
COD,Democratic Republic of Congo,2003,1.037,51426000
COD,Democratic Republic of Congo,2004,1.15,53069000
COD,Democratic Republic of Congo,2005,1.445,54786000
COD,Democratic Republic of Congo,2006,1.553,56578000
COD,Democratic Republic of Congo,2007,1.696,58454000
COD,Democratic Republic of Congo,2008,1.811,60411000
COD,Democratic Republic of Congo,2009,1.695,62449000
COD,Democratic Republic of Congo,2010,1.963,64564000
COD,Democratic Republic of Congo,2011,2.439,66755000
COD,Democratic Republic of Congo,2012,2.356,69021000
COD,Democratic Republic of Congo,2013,3.538,71359000
COD,Democratic Republic of Congo,2014,4.631,73767000
COD,Democratic Republic of Congo,2015,2.792,76245000
COD,Democratic Republic of Congo,2016,1.996,78789000
COD,Democratic Republic of Congo,2017,1.989,81399000
COD,Democratic Republic of Congo,2018,2.037,84068000
ECU,Ecuador,1993,24.087,10961000
ECU,Ecuador,1994,13.539,11208000
ECU,Ecuador,1995,22.698,11455000
ECU,Ecuador,1996,24.025,11703000
ECU,Ecuador,1997,18.205,11951000
ECU,Ecuador,1998,22.315,12198000
ECU,Ecuador,1999,21.365,12442000
ECU,Ecuador,2000,20.563,12681000
ECU,Ecuador,2001,22.939,12915000
ECU,Ecuador,2002,24.753,13143000
ECU,Ecuador,2003,26.748,13370000
ECU,Ecuador,2004,28.786,13596000
ECU,Ecuador,2005,29.97,13826000
ECU,Ecuador,2006,28.525,14059000
ECU,Ecuador,2007,31.531,14297000
ECU,Ecuador,2008,33.325,14536000
ECU,Ecuador,2009,35.503,14774000
ECU,Ecuador,2010,35.884,15011000
ECU,Ecuador,2011,35.848,15244000
ECU,Ecuador,2012,31.851,15474000
ECU,Ecuador,2013,40.707,15707000
ECU,Ecuador,2014,45.428,15952000
ECU,Ecuador,2015,42.622,16212000
ECU,Ecuador,2016,40.538,16491000
ECU,Ecuador,2017,39.559,16785000
ECU,Ecuador,2018,41.915,17084000
EGY,Egypt,1993,92.278,59881000
EGY,Egypt,1994,84.556,61096000
EGY,Egypt,1995,94.888,62334000
EGY,Egypt,1996,93.568,63602000
EGY,Egypt,1997,107.512,64892000
EGY,Egypt,1998,121.465,66200000
EGY,Egypt,1999,124.497,67516000
EGY,Egypt,2000,140.348,68832000
EGY,Egypt,2001,124.293,70153000
EGY,Egypt,2002,125.781,71485000
EGY,Egypt,2003,146.462,72826000
EGY,Egypt,2004,149.144,74172000
EGY,Egypt,2005,165.042,75524000
EGY,Egypt,2006,176.02,76874000
EGY,Egypt,2007,185.905,78232000
EGY,Egypt,2008,195.285,79636000
EGY,Egypt,2009,202.71,81135000
EGY,Egypt,2010,198.808,82761000
EGY,Egypt,2011,213.477,84529000
EGY,Egypt,2012,215.03,86422000
EGY,Egypt,2013,209.44,88405000
EGY,Egypt,2014,222.748,90425000
EGY,Egypt,2015,219.304,92443000
EGY,Egypt,2016,233.171,94447000
EGY,Egypt,2017,237.018,96443000
EGY,Egypt,2018,238.816,98424000
ERI,Eritrea,1993,,2239000
ERI,Eritrea,1994,0.707,2218000
ERI,Eritrea,1995,0.79,2204000
ERI,Eritrea,1996,0.861,2196000
ERI,Eritrea,1997,0.768,2195000
ERI,Eritrea,1998,0.586,2206000
ERI,Eritrea,1999,0.615,2237000
ERI,Eritrea,2000,0.604,2292000
ERI,Eritrea,2001,0.626,2375000
ERI,Eritrea,2002,0.6,2481000
ERI,Eritrea,2003,0.71,2601000
ERI,Eritrea,2004,0.765,2720000
ERI,Eritrea,2005,0.761,2827000
ERI,Eritrea,2006,0.545,2918000
ERI,Eritrea,2007,0.559,2997000
ERI,Eritrea,2008,0.402,3063000
ERI,Eritrea,2009,0.497,3120000
ERI,Eritrea,2010,0.497,3170000
ERI,Eritrea,2011,0.56,3214000
ERI,Eritrea,2012,0.618,3250000
ERI,Eritrea,2013,0.627,3281000
ERI,Eritrea,2014,0.679,3311000
ERI,Eritrea,2015,0.67,3343000
ERI,Eritrea,2016,0.689,3377000
ERI,Eritrea,2017,0.721,3413000
ERI,Eritrea,2018,0.74,3453000
ETH,Ethiopia,1993,2.995,53296000
ETH,Ethiopia,1994,2.197,55181000
ETH,Ethiopia,1995,2.506,57048000
ETH,Ethiopia,1996,2.795,58884000
ETH,Ethiopia,1997,2.979,60697000
ETH,Ethiopia,1998,3.147,62508000
ETH,Ethiopia,1999,3.095,64343000
ETH,Ethiopia,2000,3.464,66225000
ETH,Ethiopia,2001,4.263,68159000
ETH,Ethiopia,2002,4.43,70142000
ETH,Ethiopia,2003,4.871,72171000
ETH,Ethiopia,2004,5.159,74240000
ETH,Ethiopia,2005,4.955,76346000
ETH,Ethiopia,2006,5.317,78489000
ETH,Ethiopia,2007,5.839,80674000
ETH,Ethiopia,2008,6.416,82916000
ETH,Ethiopia,2009,6.477,85234000
ETH,Ethiopia,2010,6.337,87640000
ETH,Ethiopia,2011,6.889,90140000
ETH,Ethiopia,2012,8.1,92727000
ETH,Ethiopia,2013,9.912,95386000
ETH,Ethiopia,2014,11.823,98094000
ETH,Ethiopia,2015,12.876,100835000
ETH,Ethiopia,2016,13.937,103603000
ETH,Ethiopia,2017,14.621,106400000
ETH,Ethiopia,2018,14.935,109224000
FRA,France,1993,395.747,57370000
FRA,France,1994,390.531,57587000
FRA,France,1995,397.565,57802000
FRA,France,1996,413.078,58012000
FRA,France,1997,405.972,58221000
FRA,France,1998,425.437,58444000
FRA,France,1999,421.641,58704000
FRA,France,2000,416.07,59015000
FRA,France,2001,420.72,59384000
FRA,France,2002,415.932,59803000
FRA,France,2003,422.633,60252000
FRA,France,2004,423.71,60698000
FRA,France,2005,427.036,61120000
FRA,France,2006,416.073,61509000
FRA,France,2007,405.571,61869000
FRA,France,2008,399.277,62209000
FRA,France,2009,382.166,62543000
FRA,France,2010,389.834,62880000
FRA,France,2011,365.234,63222000
FRA,France,2012,365.845,63564000
FRA,France,2013,366.852,63894000
FRA,France,2014,335.415,64194000
FRA,France,2015,341.106,64453000
FRA,France,2016,342.956,64668000
FRA,France,2017,346.533,64843000
FRA,France,2018,337.913,64991000
GEO,Georgia,1993,9.916,5209000
GEO,Georgia,1994,6.069,5097000
GEO,Georgia,1995,2.291,4976000
GEO,Georgia,1996,4.055,4847000
GEO,Georgia,1997,4.425,4710000
GEO,Georgia,1998,4.939,4575000
GEO,Georgia,1999,4.31,4457000
GEO,Georgia,2000,4.499,4362000
GEO,Georgia,2001,3.734,4297000
GEO,Georgia,2002,3.351,4259000
GEO,Georgia,2003,3.736,4239000
GEO,Georgia,2004,4.276,4226000
GEO,Georgia,2005,5.017,4210000
GEO,Georgia,2006,6.096,4190000
GEO,Georgia,2007,6.365,4167000
GEO,Georgia,2008,5.308,4143000
GEO,Georgia,2009,6.135,4119000
GEO,Georgia,2010,6.209,4099000
GEO,Georgia,2011,7.804,4081000
GEO,Georgia,2012,8.251,4064000
GEO,Georgia,2013,8.009,4049000
GEO,Georgia,2014,8.783,4035000
GEO,Georgia,2015,9.585,4024000
GEO,Georgia,2016,9.909,4015000
GEO,Georgia,2017,10.657,4009000
GEO,Georgia,2018,10.56,4003000
DEU,Germany,1993,956.517,80429000
DEU,Germany,1994,939.908,80833000
DEU,Germany,1995,939.543,81139000
DEU,Germany,1996,959.606,81324000
DEU,Germany,1997,931.75,81399000
DEU,Germany,1998,923.824,81403000
DEU,Germany,1999,896.313,81390000
DEU,Germany,2000,900.376,81401000
DEU,Germany,2001,916.913,81454000
DEU,Germany,2002,900.387,81535000
DEU,Germany,2003,901.409,81614000
DEU,Germany,2004,887.458,81646000
DEU,Germany,2005,866.64,81603000
DEU,Germany,2006,878.076,81472000
DEU,Germany,2007,851.418,81278000
DEU,Germany,2008,853.771,81066000
DEU,Germany,2009,788.924,80900000
DEU,Germany,2010,832.388,80827000
DEU,Germany,2011,809.749,80856000
DEU,Germany,2012,814.138,80973000
DEU,Germany,2013,831.57,81174000
DEU,Germany,2014,792.793,81450000
DEU,Germany,2015,795.94,81787000
DEU,Germany,2016,801.655,82194000
DEU,Germany,2017,797.966,82658000
DEU,Germany,2018,759.002,83124000
GRC,Greece,1993,84.229,10534000
GRC,Greece,1994,86.392,10645000
GRC,Greece,1995,86.946,10746000
GRC,Greece,1996,89.099,10832000
GRC,Greece,1997,93.804,10906000
GRC,Greece,1998,98.625,10970000
GRC,Greece,1999,97.942,11028000
GRC,Greece,2000,102.982,11082000
GRC,Greece,2001,105.369,11134000
GRC,Greece,2002,105.011,11182000
GRC,Greece,2003,109.083,11219000
GRC,Greece,2004,109.53,11235000
GRC,Greece,2005,113.925,11225000
GRC,Greece,2006,112.465,11185000
GRC,Greece,2007,114.583,11120000
GRC,Greece,2008,111.113,11040000
GRC,Greece,2009,104.341,10959000
GRC,Greece,2010,97.343,10888000
GRC,Greece,2011,94.532,10829000
GRC,Greece,2012,91.418,10781000
GRC,Greece,2013,81.723,10741000
GRC,Greece,2014,78.65,10701000
GRC,Greece,2015,74.959,10660000
GRC,Greece,2016,71.367,10615000
GRC,Greece,2017,74.845,10569000
GRC,Greece,2018,73.887,10522000
GTM,Guatemala,1993,5.577,9939000
GTM,Guatemala,1994,6.751,10172000
GTM,Guatemala,1995,7.079,10408000
GTM,Guatemala,1996,6.57,10647000
GTM,Guatemala,1997,7.502,10888000
GTM,Guatemala,1998,8.639,11134000
GTM,Guatemala,1999,8.807,11387000
GTM,Guatemala,2000,9.766,11651000
GTM,Guatemala,2001,10.233,11925000
GTM,Guatemala,2002,10.722,12209000
GTM,Guatemala,2003,10.448,12500000
GTM,Guatemala,2004,11.18,12797000
GTM,Guatemala,2005,12.108,13096000
GTM,Guatemala,2006,12.175,13397000
GTM,Guatemala,2007,12.145,13700000
GTM,Guatemala,2008,10.893,14006000
GTM,Guatemala,2009,11.442,14316000
GTM,Guatemala,2010,11.098,14630000
GTM,Guatemala,2011,11.238,14949000
GTM,Guatemala,2012,11.559,15271000
GTM,Guatemala,2013,12.582,15596000
GTM,Guatemala,2014,13.554,15923000
GTM,Guatemala,2015,15.434,16252000
GTM,Guatemala,2016,16.376,16583000
GTM,Guatemala,2017,16.213,16915000
GTM,Guatemala,2018,18.365,17248000
HND,Honduras,1993,2.798,5394000
HND,Honduras,1994,3.292,5549000
HND,Honduras,1995,3.826,5709000
HND,Honduras,1996,3.891,5875000
HND,Honduras,1997,4.081,6046000
HND,Honduras,1998,4.582,6220000
HND,Honduras,1999,4.668,6397000
HND,Honduras,2000,4.934,6575000
HND,Honduras,2001,5.609,6752000
HND,Honduras,2002,5.99,6929000
HND,Honduras,2003,6.661,7106000
HND,Honduras,2004,7.243,7283000
HND,Honduras,2005,7.427,7459000
HND,Honduras,2006,7.461,7634000
HND,Honduras,2007,8.598,7809000
HND,Honduras,2008,8.485,7981000
HND,Honduras,2009,7.681,8151000
HND,Honduras,2010,7.929,8317000
HND,Honduras,2011,8.609,8481000
HND,Honduras,2012,8.967,8641000
HND,Honduras,2013,9.223,8799000
HND,Honduras,2014,9.313,8956000
HND,Honduras,2015,9.822,9113000
HND,Honduras,2016,9.617,9271000
HND,Honduras,2017,9.584,9429000
HND,Honduras,2018,9.915,9588000
HUN,Hungary,1993,63.553,10359000
HUN,Hungary,1994,61.897,10358000
HUN,Hungary,1995,61.627,10349000
HUN,Hungary,1996,63.188,10332000
HUN,Hungary,1997,61.775,10308000
HUN,Hungary,1998,61.357,10280000
HUN,Hungary,1999,61.839,10249000
HUN,Hungary,2000,58.56,10221000
HUN,Hungary,2001,60.176,10193000
HUN,Hungary,2002,59.179,10167000
HUN,Hungary,2003,61.952,10141000
HUN,Hungary,2004,60.424,10114000
HUN,Hungary,2005,60.51,10086000
HUN,Hungary,2006,59.85,10056000
HUN,Hungary,2007,58.553,10024000
HUN,Hungary,2008,57.455,9992000
HUN,Hungary,2009,51.801,9959000
HUN,Hungary,2010,52.138,9927000
HUN,Hungary,2011,50.376,9896000
HUN,Hungary,2012,46.83,9864000
HUN,Hungary,2013,43.78,9834000
HUN,Hungary,2014,43.925,9805000
HUN,Hungary,2015,46.677,9778000
HUN,Hungary,2016,47.43,9753000
HUN,Hungary,2017,49.646,9730000
HUN,Hungary,2018,49.857,9708000
IND,India,1993,722.894,927404032
IND,India,1994,764.242,945601984
IND,India,1995,811.461,963923008
IND,India,1996,878.827,982364992
IND,India,1997,915.049,1000899968
IND,India,1998,933.549,1019484032
IND,India,1999,995.233,1038057984
IND,India,2000,1029.638,1056576000
IND,India,2001,1035.64,1075000064
IND,India,2002,1047.596,1093316992
IND,India,2003,1091.873,1111522944
IND,India,2004,1145.545,1129623040
IND,India,2005,1210.146,1147609984
IND,India,2006,1287.149,1165485952
IND,India,2007,1390.253,1183208960
IND,India,2008,1547.991,1200669952
IND,India,2009,1720.121,1217725952
IND,India,2010,1700.027,1234280960
IND,India,2011,1811.961,1250288000
IND,India,2012,1979.047,1265779968
IND,India,2013,1994.101,1280841984
IND,India,2014,2199.4,1295601024
IND,India,2015,2298.17,1310151936
IND,India,2016,2371.752,1324516992
IND,India,2017,2456.954,1338676992
IND,India,2018,2654.101,1352642048
IRN,Iran,1993,235.577,59724000
IRN,Iran,1994,263.52,60591000
IRN,Iran,1995,271.148,61443000
IRN,Iran,1996,274.008,62295000
IRN,Iran,1997,267.099,63136000
IRN,Iran,1998,306.006,63972000
IRN,Iran,1999,379.627,64801000
IRN,Iran,2000,369.263,65623000
IRN,Iran,2001,394.931,66449000
IRN,Iran,2002,397.798,67285000
IRN,Iran,2003,413.993,68123000
IRN,Iran,2004,442.09,68951000
IRN,Iran,2005,463.53,69762000
IRN,Iran,2006,503.791,70555000
IRN,Iran,2007,513.314,71336000
IRN,Iran,2008,534.91,72121000
IRN,Iran,2009,546.885,72925000
IRN,Iran,2010,564.035,73763000
IRN,Iran,2011,579.04,74635000
IRN,Iran,2012,600.684,75540000
IRN,Iran,2013,608.71,76482000
IRN,Iran,2014,641.916,77466000
IRN,Iran,2015,640.811,78492000
IRN,Iran,2016,652.97,79564000
IRN,Iran,2017,685.945,80674000
IRN,Iran,2018,720.414,81800000
IRQ,Iraq,1993,63.13,18955000
IRQ,Iraq,1994,71.089,19539000
IRQ,Iraq,1995,74.084,20149000
IRQ,Iraq,1996,69.284,20783000
IRQ,Iraq,1997,68.079,21440000
IRQ,Iraq,1998,72.101,22114000
IRQ,Iraq,1999,71.681,22802000
IRQ,Iraq,2000,71.715,23498000
IRQ,Iraq,2001,84.556,24208000
IRQ,Iraq,2002,86.321,24932000
IRQ,Iraq,2003,90.787,25645000
IRQ,Iraq,2004,113.635,26314000
IRQ,Iraq,2005,112.98,26922000
IRQ,Iraq,2006,98.181,27448000
IRQ,Iraq,2007,61.492,27911000
IRQ,Iraq,2008,92.167,28386000
IRQ,Iraq,2009,103.489,28973000
IRQ,Iraq,2010,110.985,29742000
IRQ,Iraq,2011,135.274,30725000
IRQ,Iraq,2012,152.815,31890000
IRQ,Iraq,2013,163.677,33157000
IRQ,Iraq,2014,165.151,34412000
IRQ,Iraq,2015,165.646,35572000
IRQ,Iraq,2016,188.415,36611000
IRQ,Iraq,2017,187.404,37553000
IRQ,Iraq,2018,204.175,38434000
ISR,Israel,1993,44.234,4929000
ISR,Israel,1994,47.474,5106000
ISR,Israel,1995,49.865,5271000
ISR,Israel,1996,51.936,5424000
ISR,Israel,1997,54.864,5567000
ISR,Israel,1998,56.009,5699000
ISR,Israel,1999,54.755,5825000
ISR,Israel,2000,59.519,5946000
ISR,Israel,2001,63.022,6061000
ISR,Israel,2002,59.3,6169000
ISR,Israel,2003,62.415,6278000
ISR,Israel,2004,58.679,6397000
ISR,Israel,2005,56.524,6529000
ISR,Israel,2006,62.149,6681000
ISR,Israel,2007,62.8,6847000
ISR,Israel,2008,67.98,7021000
ISR,Israel,2009,63.861,7190000
ISR,Israel,2010,68.287,7346000
ISR,Israel,2011,68.595,7487000
ISR,Israel,2012,74.785,7615000
ISR,Israel,2013,64.967,7735000
ISR,Israel,2014,61.832,7854000
ISR,Israel,2015,64.946,7978000
ISR,Israel,2016,63.889,8109000
ISR,Israel,2017,64.689,8244000
ISR,Israel,2018,64.264,8382000
ITA,Italy,1993,430.545,57198000
ITA,Italy,1994,424.811,57214000
ITA,Italy,1995,451.433,57174000
ITA,Italy,1996,444.186,57065000
ITA,Italy,1997,448.835,56904000
ITA,Italy,1998,459.908,56743000
ITA,Italy,1999,464.291,56656000
ITA,Italy,2000,470.294,56692000
ITA,Italy,2001,475.966,56875000
ITA,Italy,2002,477.505,57183000
ITA,Italy,2003,490.75,57565000
ITA,Italy,2004,494.591,57948000
ITA,Italy,2005,494.458,58281000
ITA,Italy,2006,489.002,58543000
ITA,Italy,2007,479.078,58748000
ITA,Italy,2008,467.472,58922000
ITA,Italy,2009,416.675,59106000
ITA,Italy,2010,426.351,59325000
ITA,Italy,2011,413.944,59589000
ITA,Italy,2012,392.63,59879000
ITA,Italy,2013,364.089,60167000
ITA,Italy,2014,348.547,60410000
ITA,Italy,2015,355.785,60578000
ITA,Italy,2016,353.487,60663000
ITA,Italy,2017,348.991,60674000
ITA,Italy,2018,338.027,60627000
JPN,Japan,1993,1172.721,125707000
JPN,Japan,1994,1227.636,126053000
JPN,Japan,1995,1239.998,126365000
JPN,Japan,1996,1252.071,126644000
JPN,Japan,1997,1245.32,126893000
JPN,Japan,1998,1205.59,127117000
JPN,Japan,1999,1242.192,127326000
JPN,Japan,2000,1264.978,127524000
JPN,Japan,2001,1250.344,127714000
JPN,Japan,2002,1279.555,127893000
JPN,Japan,2003,1287.782,128058000
JPN,Japan,2004,1283.044,128204000
JPN,Japan,2005,1290.31,128326000
JPN,Japan,2006,1267.158,128423000
JPN,Japan,2007,1302.894,128494000
JPN,Japan,2008,1232.232,128539000
JPN,Japan,2009,1162.961,128555000
JPN,Japan,2010,1214.424,128542000
JPN,Japan,2011,1264.518,128499000
JPN,Japan,2012,1305.886,128424000
JPN,Japan,2013,1315.077,128314000
JPN,Japan,2014,1264.88,128169000
JPN,Japan,2015,1224.539,127985000
JPN,Japan,2016,1206.166,127763000
JPN,Japan,2017,1188.122,127503000
JPN,Japan,2018,1161.981,127202000
JOR,Jordan,1993,11.774,4202000
JOR,Jordan,1994,13.249,4410000
JOR,Jordan,1995,13.208,4589000
JOR,Jordan,1996,13.826,4733000
JOR,Jordan,1997,14.074,4849000
JOR,Jordan,1998,14.252,4944000
JOR,Jordan,1999,14.265,5032000
JOR,Jordan,2000,15.2,5122000
JOR,Jordan,2001,15.611,5217000
JOR,Jordan,2002,16.421,5318000
JOR,Jordan,2003,16.982,5434000
JOR,Jordan,2004,18.669,5580000
JOR,Jordan,2005,20.436,5766000
JOR,Jordan,2006,20.527,5992000
JOR,Jordan,2007,21.437,6255000
JOR,Jordan,2008,20.718,6556000
JOR,Jordan,2009,21.336,6893000
JOR,Jordan,2010,20.614,7262000
JOR,Jordan,2011,21.244,7663000
JOR,Jordan,2012,23.813,8090000
JOR,Jordan,2013,23.813,8519000
JOR,Jordan,2014,25.894,8919000
JOR,Jordan,2015,25.501,9267000
JOR,Jordan,2016,24.372,9554000
JOR,Jordan,2017,24.175,9786000
JOR,Jordan,2018,24.086,9965000
KAZ,Kazakhstan,1993,204.856,16181000
KAZ,Kazakhstan,1994,170.561,16022000
KAZ,Kazakhstan,1995,162.8,15839000
KAZ,Kazakhstan,1996,149.062,15632000
KAZ,Kazakhstan,1997,140.013,15406000
KAZ,Kazakhstan,1998,135.083,15190000
KAZ,Kazakhstan,1999,108.096,15021000
KAZ,Kazakhstan,2000,133.407,14923000
KAZ,Kazakhstan,2001,127.628,14910000
KAZ,Kazakhstan,2002,146.016,14976000
KAZ,Kazakhstan,2003,163.628,15100000
KAZ,Kazakhstan,2004,170.164,15250000
KAZ,Kazakhstan,2005,183.774,15403000
KAZ,Kazakhstan,2006,206.516,15551000
KAZ,Kazakhstan,2007,213.014,15702000
KAZ,Kazakhstan,2008,213.167,15862000
KAZ,Kazakhstan,2009,208.337,16043000
KAZ,Kazakhstan,2010,236.262,16252000
KAZ,Kazakhstan,2011,226.772,16491000
KAZ,Kazakhstan,2012,233.695,16752000
KAZ,Kazakhstan,2013,240.136,17026000
KAZ,Kazakhstan,2014,256.672,17303000
KAZ,Kazakhstan,2015,263.59,17572000
KAZ,Kazakhstan,2016,267.693,17831000
KAZ,Kazakhstan,2017,283.291,18080000
KAZ,Kazakhstan,2018,321.787,18320000
KEN,Kenya,1993,6.215,26136000
KEN,Kenya,1994,6.42,26951000
KEN,Kenya,1995,7.406,27768000
KEN,Kenya,1996,9.155,28589000
KEN,Kenya,1997,8.12,29416000
KEN,Kenya,1998,9.896,30250000
KEN,Kenya,1999,10.029,31099000
KEN,Kenya,2000,10.302,31965000
KEN,Kenya,2001,9.236,32849000
KEN,Kenya,2002,7.82,33752000
KEN,Kenya,2003,6.586,34679000
KEN,Kenya,2004,7.438,35635000
KEN,Kenya,2005,8.339,36625000
KEN,Kenya,2006,9.337,37649000
KEN,Kenya,2007,9.54,38706000
KEN,Kenya,2008,9.912,39792000
KEN,Kenya,2009,11.968,40902000
KEN,Kenya,2010,11.746,42031000
KEN,Kenya,2011,12.928,43178000
KEN,Kenya,2012,11.987,44343000
KEN,Kenya,2013,12.77,45520000
KEN,Kenya,2014,13.773,46700000
KEN,Kenya,2015,16.301,47878000
KEN,Kenya,2016,17.152,49052000
KEN,Kenya,2017,18.057,50221000
KEN,Kenya,2018,18.486,51393000
KWT,Kuwait,1993,49.129,1773000
KWT,Kuwait,1994,55.226,1659000
KWT,Kuwait,1995,54.589,1606000
KWT,Kuwait,1996,49.914,1627000
KWT,Kuwait,1997,54.671,1710000
KWT,Kuwait,1998,51.561,1831000
KWT,Kuwait,1999,53.822,1952000
KWT,Kuwait,2000,53.384,2045000
KWT,Kuwait,2001,57.485,2103000
KWT,Kuwait,2002,57.98,2137000
KWT,Kuwait,2003,59.623,2162000
KWT,Kuwait,2004,63.108,2200000
KWT,Kuwait,2005,71.166,2270000
KWT,Kuwait,2006,73.389,2374000
KWT,Kuwait,2007,74.875,2504000
KWT,Kuwait,2008,82.298,2656000
KWT,Kuwait,2009,86.955,2821000
KWT,Kuwait,2010,89.272,2992000
KWT,Kuwait,2011,86.263,3168000
KWT,Kuwait,2012,100.073,3349000
KWT,Kuwait,2013,94.294,3526000
KWT,Kuwait,2014,87.732,3691000
KWT,Kuwait,2015,92.282,3836000
KWT,Kuwait,2016,98.057,3957000
KWT,Kuwait,2017,97.615,4056000
KWT,Kuwait,2018,98.062,4137000
KGZ,Kyrgyzstan,1993,8.502,4484000
KGZ,Kyrgyzstan,1994,6.146,4519000
KGZ,Kyrgyzstan,1995,4.511,4566000
KGZ,Kyrgyzstan,1996,5.664,4629000
KGZ,Kyrgyzstan,1997,5.573,4706000
KGZ,Kyrgyzstan,1998,5.913,4787000
KGZ,Kyrgyzstan,1999,4.647,4861000
KGZ,Kyrgyzstan,2000,4.602,4921000
KGZ,Kyrgyzstan,2001,3.862,4963000
KGZ,Kyrgyzstan,2002,4.919,4991000
KGZ,Kyrgyzstan,2003,5.382,5014000
KGZ,Kyrgyzstan,2004,5.807,5039000
KGZ,Kyrgyzstan,2005,5.514,5075000
KGZ,Kyrgyzstan,2006,5.419,5124000
KGZ,Kyrgyzstan,2007,6.518,5184000
KGZ,Kyrgyzstan,2008,7.548,5255000
KGZ,Kyrgyzstan,2009,6.737,5335000
KGZ,Kyrgyzstan,2010,6.313,5422000
KGZ,Kyrgyzstan,2011,7.554,5518000
KGZ,Kyrgyzstan,2012,10,5622000
KGZ,Kyrgyzstan,2013,9.658,5731000
KGZ,Kyrgyzstan,2014,10.095,5845000
KGZ,Kyrgyzstan,2015,10.278,5959000
KGZ,Kyrgyzstan,2016,9.64,6074000
KGZ,Kyrgyzstan,2017,9.458,6190000
KGZ,Kyrgyzstan,2018,10.081,6304000
LBN,Lebanon,1993,10.355,3246000
LBN,Lebanon,1994,11.111,3403000
LBN,Lebanon,1995,12.255,3528000
LBN,Lebanon,1996,12.753,3611000
LBN,Lebanon,1997,15.099,3658000
LBN,Lebanon,1998,16.286,3694000
LBN,Lebanon,1999,16.429,3748000
LBN,Lebanon,2000,15.466,3843000
LBN,Lebanon,2001,16.406,3991000
LBN,Lebanon,2002,16.245,4182000
LBN,Lebanon,2003,18.528,4388000
LBN,Lebanon,2004,17.208,4569000
LBN,Lebanon,2005,16.654,4699000
LBN,Lebanon,2006,14.792,4760000
LBN,Lebanon,2007,13.75,4767000
LBN,Lebanon,2008,17.419,4765000
LBN,Lebanon,2009,20.958,4813000
LBN,Lebanon,2010,19.997,4953000
LBN,Lebanon,2011,20.264,5202000
LBN,Lebanon,2012,22.357,5538000
LBN,Lebanon,2013,22.196,5913000
LBN,Lebanon,2014,23.704,6261000
LBN,Lebanon,2015,24.099,6533000
LBN,Lebanon,2016,24.436,6714000
LBN,Lebanon,2017,24.063,6819000
LBN,Lebanon,2018,24.227,6859000
LSO,Lesotho,1993,1.634,1822000
LSO,Lesotho,1994,1.674,1861000
LSO,Lesotho,1995,1.707,1899000
LSO,Lesotho,1996,1.737,1934000
LSO,Lesotho,1997,1.77,1968000
LSO,Lesotho,1998,1.803,1998000
LSO,Lesotho,1999,1.825,2020000
LSO,Lesotho,2000,1.85,2033000
LSO,Lesotho,2001,1.876,2036000
LSO,Lesotho,2002,1.905,2030000
LSO,Lesotho,2003,1.931,2018000
LSO,Lesotho,2004,1.982,2006000
LSO,Lesotho,2005,2.012,1996000
LSO,Lesotho,2006,2.037,1990000
LSO,Lesotho,2007,2.074,1987000
LSO,Lesotho,2008,2.125,1987000
LSO,Lesotho,2009,2.217,1990000
LSO,Lesotho,2010,2.275,1996000
LSO,Lesotho,2011,2.327,2004000
LSO,Lesotho,2012,2.396,2015000
LSO,Lesotho,2013,2.422,2029000
LSO,Lesotho,2014,2.429,2043000
LSO,Lesotho,2015,2.345,2059000
LSO,Lesotho,2016,2.51,2075000
LSO,Lesotho,2017,2.785,2092000
LSO,Lesotho,2018,2.659,2108000
LBY,Libya,1993,38.709,4755000
LBY,Libya,1994,43.753,4855000
LBY,Libya,1995,45.691,4949000
LBY,Libya,1996,43.797,5036000
LBY,Libya,1997,44.707,5118000
LBY,Libya,1998,45.159,5197000
LBY,Libya,1999,44.303,5276000
LBY,Libya,2000,46.793,5358000
LBY,Libya,2001,47.774,5443000
LBY,Libya,2002,47.472,5531000
LBY,Libya,2003,48.781,5621000
LBY,Libya,2004,49.956,5710000
LBY,Libya,2005,51.696,5799000
LBY,Libya,2006,52.666,5887000
LBY,Libya,2007,49.34,5975000
LBY,Libya,2008,55.341,6059000
LBY,Libya,2009,57.196,6134000
LBY,Libya,2010,61.122,6198000
LBY,Libya,2011,39.265,6247000
LBY,Libya,2012,52.409,6286000
LBY,Libya,2013,56.002,6320000
LBY,Libya,2014,58.665,6362000
LBY,Libya,2015,56.395,6418000
LBY,Libya,2016,50.046,6492000
LBY,Libya,2017,52.331,6581000
LBY,Libya,2018,54.016,6679000
LTU,Lithuania,1993,16.332,3671000
LTU,Lithuania,1994,15.748,3649000
LTU,Lithuania,1995,15.004,3627000
LTU,Lithuania,1996,15.659,3604000
LTU,Lithuania,1997,15.07,3580000
LTU,Lithuania,1998,15.888,3555000
LTU,Lithuania,1999,13.408,3529000
LTU,Lithuania,2000,11.788,3502000
LTU,Lithuania,2001,12.501,3474000
LTU,Lithuania,2002,12.602,3445000
LTU,Lithuania,2003,12.592,3414000
LTU,Lithuania,2004,13.167,3381000
LTU,Lithuania,2005,14.092,3344000
LTU,Lithuania,2006,14.406,3303000
LTU,Lithuania,2007,15.77,3259000
LTU,Lithuania,2008,15.088,3213000
LTU,Lithuania,2009,12.831,3167000
LTU,Lithuania,2010,13.713,3124000
LTU,Lithuania,2011,14.066,3083000
LTU,Lithuania,2012,14.136,3046000
LTU,Lithuania,2013,13.106,3009000
LTU,Lithuania,2014,12.874,2971000
LTU,Lithuania,2015,13.132,2932000
LTU,Lithuania,2016,13.121,2890000
LTU,Lithuania,2017,13.407,2845000
LTU,Lithuania,2018,13.554,2801000
MKD,Macedonia,1993,10.168,1984000
MKD,Macedonia,1994,10.292,1982000
MKD,Macedonia,1995,10.684,1983000
MKD,Macedonia,1996,11.732,1989000
MKD,Macedonia,1997,10.626,2000000
MKD,Macedonia,1998,12.615,2012000
MKD,Macedonia,1999,11.714,2024000
MKD,Macedonia,2000,12.055,2035000
MKD,Macedonia,2001,11.989,2043000
MKD,Macedonia,2002,10.926,2049000
MKD,Macedonia,2003,11.3,2053000
MKD,Macedonia,2004,11.183,2057000
MKD,Macedonia,2005,11.27,2060000
MKD,Macedonia,2006,10.93,2063000
MKD,Macedonia,2007,9.486,2065000
MKD,Macedonia,2008,9.394,2067000
MKD,Macedonia,2009,8.691,2069000
MKD,Macedonia,2010,8.596,2071000
MKD,Macedonia,2011,9.299,2072000
MKD,Macedonia,2012,8.808,2074000
MKD,Macedonia,2013,7.852,2076000
MKD,Macedonia,2014,7.533,2078000
MKD,Macedonia,2015,7.094,2079000
MKD,Macedonia,2016,7.046,2081000
MKD,Macedonia,2017,7.349,2082000
MKD,Macedonia,2018,7.268,2083000
MDG,Madagascar,1993,1.006,12675000
MDG,Madagascar,1994,1.246,13067000
MDG,Madagascar,1995,1.286,13475000
MDG,Madagascar,1996,1.341,13903000
MDG,Madagascar,1997,1.623,14348000
MDG,Madagascar,1998,1.711,14809000
MDG,Madagascar,1999,1.817,15283000
MDG,Madagascar,2000,1.867,15767000
MDG,Madagascar,2001,1.735,16261000
MDG,Madagascar,2002,1.232,16765000
MDG,Madagascar,2003,1.68,17279000
MDG,Madagascar,2004,1.789,17803000
MDG,Madagascar,2005,1.725,18337000
MDG,Madagascar,2006,1.666,18880000
MDG,Madagascar,2007,1.783,19434000
MDG,Madagascar,2008,1.869,19996000
MDG,Madagascar,2009,1.754,20569000
MDG,Madagascar,2010,1.938,21152000
MDG,Madagascar,2011,2.377,21744000
MDG,Madagascar,2012,2.74,22347000
MDG,Madagascar,2013,3.144,22961000
MDG,Madagascar,2014,3.271,23590000
MDG,Madagascar,2015,3.615,24234000
MDG,Madagascar,2016,3.875,24894000
MDG,Madagascar,2017,4.177,25571000
MDG,Madagascar,2018,4.281,26262000
MWI,Malawi,1993,0.879,9710000
MWI,Malawi,1994,0.905,9746000
MWI,Malawi,1995,0.907,9844000
MWI,Malawi,1996,0.904,10023000
MWI,Malawi,1997,0.947,10265000
MWI,Malawi,1998,0.922,10552000
MWI,Malawi,1999,0.921,10854000
MWI,Malawi,2000,0.865,11149000
MWI,Malawi,2001,0.792,11432000
MWI,Malawi,2002,0.847,11714000
MWI,Malawi,2003,0.904,12000000
MWI,Malawi,2004,0.912,12302000
MWI,Malawi,2005,0.906,12626000
MWI,Malawi,2006,0.918,12974000
MWI,Malawi,2007,0.969,13342000
MWI,Malawi,2008,1.087,13728000
MWI,Malawi,2009,1.094,14128000
MWI,Malawi,2010,1.026,14540000
MWI,Malawi,2011,1.14,14962000
MWI,Malawi,2012,1.133,15396000
MWI,Malawi,2013,1.162,15839000
MWI,Malawi,2014,1.021,16290000
MWI,Malawi,2015,1.12,16745000
MWI,Malawi,2016,1.263,17205000
MWI,Malawi,2017,1.348,17670000
MWI,Malawi,2018,1.381,18143000
MLI,Mali,1993,0.46,9087000
MLI,Mali,1994,0.468,9335000
MLI,Mali,1995,0.471,9586000
MLI,Mali,1996,0.493,9838000
MLI,Mali,1997,0.529,10094000
MLI,Mali,1998,0.769,10361000
MLI,Mali,1999,0.802,10643000
MLI,Mali,2000,0.832,10946000
MLI,Mali,2001,0.839,11272000
MLI,Mali,2002,0.857,11617000
MLI,Mali,2003,0.857,11983000
MLI,Mali,2004,0.89,12369000
MLI,Mali,2005,0.916,12776000
MLI,Mali,2006,1.081,13203000
MLI,Mali,2007,1.297,13651000
MLI,Mali,2008,1.557,14114000
MLI,Mali,2009,1.784,14581000
MLI,Mali,2010,1.975,15049000
MLI,Mali,2011,2.158,15515000
MLI,Mali,2012,2.297,15979000
MLI,Mali,2013,2.649,16450000
MLI,Mali,2014,2.905,16934000
MLI,Mali,2015,3.096,17439000
MLI,Mali,2016,3.107,17965000
MLI,Mali,2017,3.436,18512000
MLI,Mali,2018,3.56,19078000
MRT,Mauritania,1993,0.927,2199000
MRT,Mauritania,1994,0.956,2256000
MRT,Mauritania,1995,1.015,2314000
MRT,Mauritania,1996,1.063,2373000
MRT,Mauritania,1997,1.077,2434000
MRT,Mauritania,1998,1.07,2496000
MRT,Mauritania,1999,1.096,2562000
MRT,Mauritania,2000,1.114,2630000
MRT,Mauritania,2001,1.172,2702000
MRT,Mauritania,2002,1.249,2778000
MRT,Mauritania,2003,1.29,2857000
MRT,Mauritania,2004,1.385,2939000
MRT,Mauritania,2005,1.436,3024000
MRT,Mauritania,2006,1.422,3112000
MRT,Mauritania,2007,1.638,3203000
MRT,Mauritania,2008,1.773,3296000
MRT,Mauritania,2009,1.96,3393000
MRT,Mauritania,2010,1.96,3494000
MRT,Mauritania,2011,2.11,3599000
MRT,Mauritania,2012,2.33,3707000
MRT,Mauritania,2013,2.045,3817000
MRT,Mauritania,2014,2.499,3931000
MRT,Mauritania,2015,2.462,4046000
MRT,Mauritania,2016,2.297,4164000
MRT,Mauritania,2017,2.562,4283000
MRT,Mauritania,2018,2.661,4403000
MEX,Mexico,1993,338.067,88625000
MEX,Mexico,1994,351.528,90156000
MEX,Mexico,1995,331.597,91663000
MEX,Mexico,1996,345.766,93147000
MEX,Mexico,1997,368.645,94611000
MEX,Mexico,1998,388.357,96056000
MEX,Mexico,1999,390.516,97485000
MEX,Mexico,2000,396.066,98900000
MEX,Mexico,2001,410.698,100298000
MEX,Mexico,2002,411.968,101685000
MEX,Mexico,2003,437.758,103081000
MEX,Mexico,2004,438.857,104515000
MEX,Mexico,2005,463.993,106005000
MEX,Mexico,2006,476.565,107560000
MEX,Mexico,2007,479.787,109171000
MEX,Mexico,2008,492.98,110815000
MEX,Mexico,2009,475.903,112464000
MEX,Mexico,2010,463.783,114093000
MEX,Mexico,2011,484.165,115695000
MEX,Mexico,2012,496.3,117274000
MEX,Mexico,2013,490.13,118827000
MEX,Mexico,2014,481.129,120355000
MEX,Mexico,2015,481.975,121858000
MEX,Mexico,2016,485.424,123333000
MEX,Mexico,2017,492.77,124777000
MEX,Mexico,2018,477.322,126191000
MDA,Moldova,1993,15.846,4371000
MDA,Moldova,1994,12.427,4359000
MDA,Moldova,1995,11.405,4341000
MDA,Moldova,1996,11.687,4316000
MDA,Moldova,1997,7.301,4286000
MDA,Moldova,1998,6.444,4255000
MDA,Moldova,1999,4.685,4226000
MDA,Moldova,2000,3.573,4203000
MDA,Moldova,2001,3.787,4187000
MDA,Moldova,2002,4.052,4178000
MDA,Moldova,2003,4.404,4173000
MDA,Moldova,2004,4.613,4168000
MDA,Moldova,2005,4.938,4159000
MDA,Moldova,2006,5.03,4146000
MDA,Moldova,2007,4.979,4130000
MDA,Moldova,2008,5.19,4113000
MDA,Moldova,2009,4.54,4098000
MDA,Moldova,2010,4.831,4086000
MDA,Moldova,2011,4.945,4079000
MDA,Moldova,2012,4.766,4076000
MDA,Moldova,2013,4.899,4075000
MDA,Moldova,2014,4.741,4073000
MDA,Moldova,2015,4.785,4071000
MDA,Moldova,2016,4.896,4066000
MDA,Moldova,2017,4.804,4060000
MDA,Moldova,2018,5.127,4052000
MAR,Morocco,1993,27.606,26155000
MAR,Morocco,1994,28.983,26584000
MAR,Morocco,1995,29.619,26994000
MAR,Morocco,1996,30.406,27383000
MAR,Morocco,1997,31.101,27755000
MAR,Morocco,1998,31.26,28110000
MAR,Morocco,1999,32.352,28456000
MAR,Morocco,2000,33.577,28794000
MAR,Morocco,2001,37.426,29126000
MAR,Morocco,2002,38.074,29455000
MAR,Morocco,2003,37.495,29783000
MAR,Morocco,2004,43.362,30115000
MAR,Morocco,2005,45.526,30456000
MAR,Morocco,2006,47.391,30805000
MAR,Morocco,2007,50.23,31164000
MAR,Morocco,2008,52.861,31537000
MAR,Morocco,2009,52.59,31929000
MAR,Morocco,2010,56.2,32343000
MAR,Morocco,2011,56.712,32782000
MAR,Morocco,2012,59.028,33242000
MAR,Morocco,2013,58.735,33716000
MAR,Morocco,2014,59.643,34192000
MAR,Morocco,2015,61.028,34664000
MAR,Morocco,2016,61.032,35126000
MAR,Morocco,2017,63.689,35581000
MAR,Morocco,2018,66.31,36029000
MOZ,Mozambique,1993,1.075,14371000
MOZ,Mozambique,1994,1.057,14948000
MOZ,Mozambique,1995,1.109,15483000
MOZ,Mozambique,1996,1.09,15960000
MOZ,Mozambique,1997,1.17,16397000
MOZ,Mozambique,1998,1.112,16814000
MOZ,Mozambique,1999,1.167,17244000
MOZ,Mozambique,2000,1.323,17712000
MOZ,Mozambique,2001,1.554,18222000
MOZ,Mozambique,2002,1.538,18764000
MOZ,Mozambique,2003,1.857,19331000
MOZ,Mozambique,2004,1.865,19911000
MOZ,Mozambique,2005,1.771,20494000
MOZ,Mozambique,2006,1.915,21080000
MOZ,Mozambique,2007,2.187,21673000
MOZ,Mozambique,2008,2.18,22277000
MOZ,Mozambique,2009,2.44,22895000
MOZ,Mozambique,2010,2.634,23532000
MOZ,Mozambique,2011,3.107,24188000
MOZ,Mozambique,2012,2.981,24863000
MOZ,Mozambique,2013,4.057,25561000
MOZ,Mozambique,2014,8.259,26286000
MOZ,Mozambique,2015,6.305,27042000
MOZ,Mozambique,2016,7.726,27830000
MOZ,Mozambique,2017,8.016,28649000
MOZ,Mozambique,2018,8.286,29496000
MMR,Myanmar,1993,5.302,42890000
MMR,Myanmar,1994,6.196,43383000
MMR,Myanmar,1995,6.906,43902000
MMR,Myanmar,1996,7.204,44452000
MMR,Myanmar,1997,7.444,45027000
MMR,Myanmar,1998,8.037,45611000
MMR,Myanmar,1999,8.93,46181000
MMR,Myanmar,2000,10.043,46720000
MMR,Myanmar,2001,8.68,47225000
MMR,Myanmar,2002,9.154,47702000
MMR,Myanmar,2003,9.78,48149000
MMR,Myanmar,2004,12.371,48564000
MMR,Myanmar,2005,11.529,48950000
MMR,Myanmar,2006,12.78,49301000
MMR,Myanmar,2007,12.795,49621000
MMR,Myanmar,2008,9.722,49930000
MMR,Myanmar,2009,10.155,50250000
MMR,Myanmar,2010,13.084,50601000
MMR,Myanmar,2011,15.068,50991000
MMR,Myanmar,2012,11.903,51414000
MMR,Myanmar,2013,12.944,51852000
MMR,Myanmar,2014,16.18,52281000
MMR,Myanmar,2015,22.175,52681000
MMR,Myanmar,2016,24.956,53045000
MMR,Myanmar,2017,25.407,53383000
MMR,Myanmar,2018,26.335,53708000
NAM,Namibia,1993,1.389,1555000
NAM,Namibia,1994,1.572,1592000
NAM,Namibia,1995,1.619,1628000
NAM,Namibia,1996,1.722,1663000
NAM,Namibia,1997,1.77,1698000
NAM,Namibia,1998,1.817,1732000
NAM,Namibia,1999,1.663,1764000
NAM,Namibia,2000,1.641,1795000
NAM,Namibia,2001,2.015,1824000
NAM,Namibia,2002,1.759,1852000
NAM,Namibia,2003,1.872,1879000
NAM,Namibia,2004,1.96,1908000
NAM,Namibia,2005,2.308,1938000
NAM,Namibia,2006,2.33,1971000
NAM,Namibia,2007,2.36,2007000
NAM,Namibia,2008,3.323,2043000
NAM,Namibia,2009,3.067,2081000
NAM,Namibia,2010,3.096,2119000
NAM,Namibia,2011,2.765,2157000
NAM,Namibia,2012,3.364,2195000
NAM,Namibia,2013,2.601,2234000
NAM,Namibia,2014,3.709,2273000
NAM,Namibia,2015,3.955,2315000
NAM,Namibia,2016,4.193,2358000
NAM,Namibia,2017,4.224,2403000
NAM,Namibia,2018,4.272,2448000
NPL,Nepal,1993,1.47,20490000
NPL,Nepal,1994,1.7,21041000
NPL,Nepal,1995,2.406,21576000
NPL,Nepal,1996,2.455,22090000
NPL,Nepal,1997,2.76,22585000
NPL,Nepal,1998,2.223,23058000
NPL,Nepal,1999,3.19,23510000
NPL,Nepal,2000,3.038,23941000
NPL,Nepal,2001,3.237,24347000
NPL,Nepal,2002,2.595,24726000
NPL,Nepal,2003,2.81,25081000
NPL,Nepal,2004,2.638,25419000
NPL,Nepal,2005,3.052,25745000
NPL,Nepal,2006,2.529,26067000
NPL,Nepal,2007,2.578,26383000
NPL,Nepal,2008,3.384,26667000
NPL,Nepal,2009,4.191,26884000
NPL,Nepal,2010,4.894,27013000
NPL,Nepal,2011,5.276,27041000
NPL,Nepal,2012,5.522,26989000
NPL,Nepal,2013,6.285,26917000
NPL,Nepal,2014,7.662,26906000
NPL,Nepal,2015,6.014,27015000
NPL,Nepal,2016,8.841,27263000
NPL,Nepal,2017,9.104,27633000
NPL,Nepal,2018,9.448,28096000
NLD,Netherlands,1993,170.87,15268000
NLD,Netherlands,1994,171.456,15369000
NLD,Netherlands,1995,173.03,15468000
NLD,Netherlands,1996,182.451,15563000
NLD,Netherlands,1997,175.288,15655000
NLD,Netherlands,1998,176.403,15746000
NLD,Netherlands,1999,170.993,15836000
NLD,Netherlands,2000,171.943,15926000
NLD,Netherlands,2001,177.082,16018000
NLD,Netherlands,2002,176.374,16110000
NLD,Netherlands,2003,179.828,16201000
NLD,Netherlands,2004,181.449,16287000
NLD,Netherlands,2005,177.53,16367000
NLD,Netherlands,2006,172.733,16440000
NLD,Netherlands,2007,172.599,16507000
NLD,Netherlands,2008,175.524,16568000
NLD,Netherlands,2009,170.186,16626000
NLD,Netherlands,2010,182.186,16683000
NLD,Netherlands,2011,169.111,16738000
NLD,Netherlands,2012,165.878,16792000
NLD,Netherlands,2013,165.764,16844000
NLD,Netherlands,2014,158.827,16893000
NLD,Netherlands,2015,166.451,16938000
NLD,Netherlands,2016,166.387,16981000
NLD,Netherlands,2017,164.478,17021000
NLD,Netherlands,2018,161.624,17060000
NZL,New Zealand,1993,27.708,3564000
NZL,New Zealand,1994,27.889,3623000
NZL,New Zealand,1995,28.011,3675000
NZL,New Zealand,1996,29.306,3717000
NZL,New Zealand,1997,31.301,3752000
NZL,New Zealand,1998,29.896,3784000
NZL,New Zealand,1999,31.488,3818000
NZL,New Zealand,2000,32.298,3859000
NZL,New Zealand,2001,34.476,3908000
NZL,New Zealand,2002,34.658,3963000
NZL,New Zealand,2003,36.375,4022000
NZL,New Zealand,2004,35.961,4080000
NZL,New Zealand,2005,37.593,4135000
NZL,New Zealand,2006,37.486,4186000
NZL,New Zealand,2007,36.577,4233000
NZL,New Zealand,2008,37.593,4278000
NZL,New Zealand,2009,34.772,4323000
NZL,New Zealand,2010,34.997,4370000
NZL,New Zealand,2011,34.314,4419000
NZL,New Zealand,2012,35.986,4468000
NZL,New Zealand,2013,35.31,4519000
NZL,New Zealand,2014,35.622,4568000
NZL,New Zealand,2015,35.839,4615000
NZL,New Zealand,2016,34.26,4659000
NZL,New Zealand,2017,36.024,4702000
NZL,New Zealand,2018,34.766,4743000
NER,Niger,1993,0.602,8860000
NER,Niger,1994,0.58,9168000
NER,Niger,1995,0.562,9490000
NER,Niger,1996,0.642,9827000
NER,Niger,1997,0.646,10178000
NER,Niger,1998,0.697,10546000
NER,Niger,1999,0.682,10930000
NER,Niger,2000,0.693,11332000
NER,Niger,2001,0.652,11751000
NER,Niger,2002,0.695,12190000
NER,Niger,2003,0.753,12648000
NER,Niger,2004,0.808,13126000
NER,Niger,2005,0.708,13624000
NER,Niger,2006,0.686,14144000
NER,Niger,2007,0.717,14685000
NER,Niger,2008,0.803,15251000
NER,Niger,2009,0.962,15843000
NER,Niger,2010,1.169,16464000
NER,Niger,2011,1.322,17115000
NER,Niger,2012,1.754,17795000
NER,Niger,2013,1.891,18504000
NER,Niger,2014,2.049,19240000
NER,Niger,2015,2.02,20002000
NER,Niger,2016,2.009,20789000
NER,Niger,2017,2.228,21602000
NER,Niger,2018,2.319,22443000
NGA,Nigeria,1993,44.813,102701000
NGA,Nigeria,1994,34.934,105294000
NGA,Nigeria,1995,33.417,107948000
NGA,Nigeria,1996,36.788,110669000
NGA,Nigeria,1997,41.01,113458000
NGA,Nigeria,1998,37.745,116320000
NGA,Nigeria,1999,39.587,119260000
NGA,Nigeria,2000,78.823,122284000
NGA,Nigeria,2001,86.717,125394000
NGA,Nigeria,2002,94.305,128596000
NGA,Nigeria,2003,100.009,131901000
NGA,Nigeria,2004,98.686,135320000
NGA,Nigeria,2005,105.757,138864992
NGA,Nigeria,2006,97.809,142538000
NGA,Nigeria,2007,94.269,146340000
NGA,Nigeria,2008,94.772,150270000
NGA,Nigeria,2009,74.885,154324992
NGA,Nigeria,2010,112.93,158503008
NGA,Nigeria,2011,130.188,162804992
NGA,Nigeria,2012,117.056,167228992
NGA,Nigeria,2013,122.046,171766000
NGA,Nigeria,2014,127.808,176404992
NGA,Nigeria,2015,113.506,181136992
NGA,Nigeria,2016,117.833,185960000
NGA,Nigeria,2017,122.779,190872992
NGA,Nigeria,2018,127.294,195875008
PRK,North Korea,1993,94.869,21266000
PRK,North Korea,1994,86.719,21578000
PRK,North Korea,1995,81.26,21862000
PRK,North Korea,1996,71.638,22113000
PRK,North Korea,1997,65.158,22335000
PRK,North Korea,1998,58.769,22537000
PRK,North Korea,1999,64.099,22731000
PRK,North Korea,2000,69.166,22929000
PRK,North Korea,2001,71.665,23133000
PRK,North Korea,2002,68.643,23339000
PRK,North Korea,2003,70.137,23542000
PRK,North Korea,2004,71.722,23733000
PRK,North Korea,2005,74.919,23904000
PRK,North Korea,2006,76.173,24055000
PRK,North Korea,2007,63.479,24188000
PRK,North Korea,2008,70.328,24310000
PRK,North Korea,2009,53.565,24428000
PRK,North Korea,2010,50.024,24549000
PRK,North Korea,2011,36.184,24673000
PRK,North Korea,2012,37.566,24801000
PRK,North Korea,2013,27.015,24930000
PRK,North Korea,2014,30.544,25058000
PRK,North Korea,2015,24.621,25184000
PRK,North Korea,2016,27.467,25308000
PRK,North Korea,2017,28.545,25430000
PRK,North Korea,2018,30.219,25550000
OMN,Oman,1993,13.225,2072000
OMN,Oman,1994,15.053,2148000
OMN,Oman,1995,15.719,2204000
OMN,Oman,1996,14.883,2237000
OMN,Oman,1997,15.248,2250000
OMN,Oman,1998,16.3,2252000
OMN,Oman,1999,20.558,2255000
OMN,Oman,2000,21.535,2268000
OMN,Oman,2001,20.106,2295000
OMN,Oman,2002,25.234,2335000
OMN,Oman,2003,32.027,2386000
OMN,Oman,2004,27.591,2446000
OMN,Oman,2005,29.467,2511000
OMN,Oman,2006,39.046,2581000
OMN,Oman,2007,43.633,2657000
OMN,Oman,2008,42.111,2751000
OMN,Oman,2009,40.515,2876000
OMN,Oman,2010,46.75,3041000
OMN,Oman,2011,53.263,3251000
OMN,Oman,2012,58.691,3498000
OMN,Oman,2013,61.121,3765000
OMN,Oman,2014,60.41,4027000
OMN,Oman,2015,64.543,4267000
OMN,Oman,2016,62.66,4479000
OMN,Oman,2017,63.668,4666000
OMN,Oman,2018,67.291,4829000
PAK,Pakistan,1993,77.177,117087000
PAK,Pakistan,1994,84.019,120363000
PAK,Pakistan,1995,83.615,123777000
PAK,Pakistan,1996,93.537,127349000
PAK,Pakistan,1997,93.788,131057000
PAK,Pakistan,1998,96.742,134843008
PAK,Pakistan,1999,99.39,138624992
PAK,Pakistan,2000,105.418,142344000
PAK,Pakistan,2001,107.126,145978000
PAK,Pakistan,2002,112.904,149550000
PAK,Pakistan,2003,117.491,153092992
PAK,Pakistan,2004,129.959,156664992
PAK,Pakistan,2005,134.756,160304000
PAK,Pakistan,2006,143.727,164023008
PAK,Pakistan,2007,155.844,167808000
PAK,Pakistan,2008,155.356,171648992
PAK,Pakistan,2009,155.219,175526000
PAK,Pakistan,2010,165.829,179424992
PAK,Pakistan,2011,167.974,183340000
PAK,Pakistan,2012,166.33,187280000
PAK,Pakistan,2013,171.065,191260992
PAK,Pakistan,2014,178.535,195304992
PAK,Pakistan,2015,184.502,199427008
PAK,Pakistan,2016,196.664,203631008
PAK,Pakistan,2017,211.512,207906000
PAK,Pakistan,2018,223.54,212228000
PRY,Paraguay,1993,2.914,4556000
PRY,Paraguay,1994,3.404,4666000
PRY,Paraguay,1995,3.937,4777000
PRY,Paraguay,1996,3.719,4888000
PRY,Paraguay,1997,4.128,4998000
PRY,Paraguay,1998,4.384,5108000
PRY,Paraguay,1999,4.376,5216000
PRY,Paraguay,2000,3.606,5323000
PRY,Paraguay,2001,3.696,5428000
PRY,Paraguay,2002,3.857,5532000
PRY,Paraguay,2003,4.031,5633000
PRY,Paraguay,2004,4.061,5731000
PRY,Paraguay,2005,3.78,5824000
PRY,Paraguay,2006,3.909,5913000
PRY,Paraguay,2007,4.042,5998000
PRY,Paraguay,2008,4.278,6081000
PRY,Paraguay,2009,4.532,6164000
PRY,Paraguay,2010,5.022,6248000
PRY,Paraguay,2011,5.199,6334000
PRY,Paraguay,2012,5.173,6422000
PRY,Paraguay,2013,5.172,6510000
PRY,Paraguay,2014,5.458,6600000
PRY,Paraguay,2015,6.051,6689000
PRY,Paraguay,2016,7.154,6778000
PRY,Paraguay,2017,7.171,6867000
PRY,Paraguay,2018,7.431,6956000
PER,Peru,1993,23.478,23408000
PER,Peru,1994,23.119,23851000
PER,Peru,1995,23.682,24299000
PER,Peru,1996,24.184,24754000
PER,Peru,1997,27.246,25211000
PER,Peru,1998,27.572,25658000
PER,Peru,1999,29.147,26078000
PER,Peru,2000,30.078,26460000
PER,Peru,2001,26.929,26799000
PER,Peru,2002,26.931,27101000
PER,Peru,2003,26.105,27372000
PER,Peru,2004,31.556,27624000
PER,Peru,2005,36.733,27866000
PER,Peru,2006,28.263,28102000
PER,Peru,2007,34.524,28333000
PER,Peru,2008,40.669,28562000
PER,Peru,2009,51.207,28793000
PER,Peru,2010,57.151,29028000
PER,Peru,2011,48.959,29264000
PER,Peru,2012,54.156,29507000
PER,Peru,2013,45.655,29774000
PER,Peru,2014,50.178,30090000
PER,Peru,2015,51.51,30471000
PER,Peru,2016,56.317,30926000
PER,Peru,2017,52.673,31444000
PER,Peru,2018,55.531,31989000
POL,Poland,1993,365.1,38301000
POL,Poland,1994,360.694,38389000
POL,Poland,1995,362.422,38459000
POL,Poland,1996,376.441,38510000
POL,Poland,1997,367.762,38545000
POL,Poland,1998,338.536,38564000
POL,Poland,1999,328.849,38568000
POL,Poland,2000,318.203,38557000
POL,Poland,2001,314.596,38530000
POL,Poland,2002,306.696,38489000
POL,Poland,2003,319.443,38442000
POL,Poland,2004,323.602,38400000
POL,Poland,2005,322.497,38369000
POL,Poland,2006,335.599,38354000
POL,Poland,2007,335.554,38353000
POL,Poland,2008,328.766,38357000
POL,Poland,2009,315.341,38352000
POL,Poland,2010,333.461,38330000
POL,Poland,2011,333.011,38287000
POL,Poland,2012,325.517,38227000
POL,Poland,2013,321.273,38158000
POL,Poland,2014,308.799,38091000
POL,Poland,2015,312.373,38034000
POL,Poland,2016,323.05,37989000
POL,Poland,2017,336.591,37953000
POL,Poland,2018,343.538,37922000
PRT,Portugal,1993,50.13,9997000
PRT,Portugal,1994,50.883,10045000
PRT,Portugal,1995,54.854,10091000
PRT,Portugal,1996,52.159,10134000
PRT,Portugal,1997,55.177,10175000
PRT,Portugal,1998,59.669,10214000
PRT,Portugal,1999,67.3,10255000
PRT,Portugal,2000,66.128,10297000
PRT,Portugal,2001,65.76,10341000
PRT,Portugal,2002,69.604,10386000
PRT,Portugal,2003,64.487,10430000
PRT,Portugal,2004,67.275,10471000
PRT,Portugal,2005,69.554,10508000
PRT,Portugal,2006,64.829,10543000
PRT,Portugal,2007,62.329,10573000
PRT,Portugal,2008,59.975,10595000
PRT,Portugal,2009,57.139,10604000
PRT,Portugal,2010,52.937,10596000
PRT,Portugal,2011,51.737,10569000
PRT,Portugal,2012,49.915,10526000
PRT,Portugal,2013,48.113,10473000
PRT,Portugal,2014,47.984,10418000
PRT,Portugal,2015,52.176,10368000
PRT,Portugal,2016,50.375,10326000
PRT,Portugal,2017,54.665,10289000
PRT,Portugal,2018,50.925,10256000
QAT,Qatar,1993,30.985,501000
QAT,Qatar,1994,30.704,507000
QAT,Qatar,1995,31.717,513000
QAT,Qatar,1996,32.204,523000
QAT,Qatar,1997,37.394,535000
QAT,Qatar,1998,32.271,552000
QAT,Qatar,1999,31.271,570000
QAT,Qatar,2000,34.566,592000
QAT,Qatar,2001,41.215,615000
QAT,Qatar,2002,40.702,641000
QAT,Qatar,2003,41.299,682000
QAT,Qatar,2004,42.71,753000
QAT,Qatar,2005,50.69,865000
QAT,Qatar,2006,63.196,1023000
QAT,Qatar,2007,62.899,1218000
QAT,Qatar,2008,64.257,1437000
QAT,Qatar,2009,68.597,1655000
QAT,Qatar,2010,71.92,1856000
QAT,Qatar,2011,79.648,2036000
QAT,Qatar,2012,93.219,2196000
QAT,Qatar,2013,84.152,2337000
QAT,Qatar,2014,105.976,2459000
QAT,Qatar,2015,105.785,2566000
QAT,Qatar,2016,102.206,2654000
QAT,Qatar,2017,108.362,2725000
QAT,Qatar,2018,105.623,2782000
ROU,Romania,1993,122.861,23257000
ROU,Romania,1994,122.006,23116000
ROU,Romania,1995,126.984,22965000
ROU,Romania,1996,130.067,22806000
ROU,Romania,1997,122.957,22638000
ROU,Romania,1998,107.532,22466000
ROU,Romania,1999,90.75,22298000
ROU,Romania,2000,95.427,22137000
ROU,Romania,2001,100.326,21989000
ROU,Romania,2002,101.699,21853000
ROU,Romania,2003,105.261,21720000
ROU,Romania,2004,104.234,21578000
ROU,Romania,2005,102.661,21417000
ROU,Romania,2006,105.045,21234000
ROU,Romania,2007,106.888,21034000
ROU,Romania,2008,105.189,20830000
ROU,Romania,2009,87.601,20638000
ROU,Romania,2010,84.022,20472000
ROU,Romania,2011,89.737,20337000
ROU,Romania,2012,86.534,20227000
ROU,Romania,2013,77.18,20133000
ROU,Romania,2014,77.546,20036000
ROU,Romania,2015,77.77,19925000
ROU,Romania,2016,75.798,19796000
ROU,Romania,2017,74.998,19654000
ROU,Romania,2018,74.061,19506000
RUS,Russia,1993,1859.648,148374000
RUS,Russia,1994,1641.541,148348992
RUS,Russia,1995,1613.078,148227008
RUS,Russia,1996,1580.299,148020992
RUS,Russia,1997,1475.291,147730000
RUS,Russia,1998,1458.299,147360992
RUS,Russia,1999,1486.251,146916000
RUS,Russia,2000,1471.235,146404992
RUS,Russia,2001,1507.718,145831008
RUS,Russia,2002,1495.71,145216000
RUS,Russia,2003,1525.644,144611008
RUS,Russia,2004,1530.777,144080992
RUS,Russia,2005,1547.693,143672000
RUS,Russia,2006,1606.722,143403008
RUS,Russia,2007,1604.778,143266000
RUS,Russia,2008,1637.2,143248992
RUS,Russia,2009,1529.228,143327008
RUS,Russia,2010,1613.523,143479008
RUS,Russia,2011,1667.031,143703008
RUS,Russia,2012,1679.385,143994000
RUS,Russia,2013,1618.434,144324992
RUS,Russia,2014,1617.678,144664992
RUS,Russia,2015,1622.498,144984992
RUS,Russia,2016,1617.653,145275008
RUS,Russia,2017,1647.041,145530000
RUS,Russia,2018,1710.688,145734000
RWA,Rwanda,1993,0.482,6264000
RWA,Rwanda,1994,0.461,5936000
RWA,Rwanda,1995,0.454,5836000
RWA,Rwanda,1996,0.465,6013000
RWA,Rwanda,1997,0.482,6420000
RWA,Rwanda,1998,0.481,6963000
RWA,Rwanda,1999,0.502,7501000
RWA,Rwanda,2000,0.52,7934000
RWA,Rwanda,2001,0.521,8231000
RWA,Rwanda,2002,0.52,8427000
RWA,Rwanda,2003,0.508,8557000
RWA,Rwanda,2004,0.515,8681000
RWA,Rwanda,2005,0.515,8840000
RWA,Rwanda,2006,0.514,9043000
RWA,Rwanda,2007,0.542,9274000
RWA,Rwanda,2008,0.528,9525000
RWA,Rwanda,2009,0.558,9783000
RWA,Rwanda,2010,0.573,10039000
RWA,Rwanda,2011,0.647,10293000
RWA,Rwanda,2012,0.718,10550000
RWA,Rwanda,2013,0.782,10812000
RWA,Rwanda,2014,0.813,11084000
RWA,Rwanda,2015,0.926,11369000
RWA,Rwanda,2016,1.047,11669000
RWA,Rwanda,2017,1.092,11981000
RWA,Rwanda,2018,1.122,12302000
SAU,Saudi Arabia,1993,313.327,17763000
SAU,Saudi Arabia,1994,307.473,18214000
SAU,Saudi Arabia,1995,234.712,18639000
SAU,Saudi Arabia,1996,258.264,19034000
SAU,Saudi Arabia,1997,215.797,19407000
SAU,Saudi Arabia,1998,207.231,19783000
SAU,Saudi Arabia,1999,225.976,20195000
SAU,Saudi Arabia,2000,296.353,20664000
SAU,Saudi Arabia,2001,296.575,21203000
SAU,Saudi Arabia,2002,325.681,21805000
SAU,Saudi Arabia,2003,326.517,22457000
SAU,Saudi Arabia,2004,394.585,23133000
SAU,Saudi Arabia,2005,395.855,23816000
SAU,Saudi Arabia,2006,431.292,24498000
SAU,Saudi Arabia,2007,386.507,25185000
SAU,Saudi Arabia,2008,432.336,25889000
SAU,Saudi Arabia,2009,465.844,26630000
SAU,Saudi Arabia,2010,517.716,27421000
SAU,Saudi Arabia,2011,497.659,28268000
SAU,Saudi Arabia,2012,563.179,29155000
SAU,Saudi Arabia,2013,540.805,30052000
SAU,Saudi Arabia,2014,601.896,30917000
SAU,Saudi Arabia,2015,620.883,31718000
SAU,Saudi Arabia,2016,631.549,32443000
SAU,Saudi Arabia,2017,633.069,33101000
SAU,Saudi Arabia,2018,621.302,33703000
SVK,Slovakia,1993,46.429,5347000
SVK,Slovakia,1994,43.826,5363000
SVK,Slovakia,1995,44.267,5375000
SVK,Slovakia,1996,44.128,5385000
SVK,Slovakia,1997,44.255,5391000
SVK,Slovakia,1998,44.012,5395000
SVK,Slovakia,1999,43.139,5398000
SVK,Slovakia,2000,41.224,5399000
SVK,Slovakia,2001,43.32,5400000
SVK,Slovakia,2002,42.051,5400000
SVK,Slovakia,2003,42.378,5400000
SVK,Slovakia,2004,42.867,5399000
SVK,Slovakia,2005,42.851,5399000
SVK,Slovakia,2006,42.614,5399000
SVK,Slovakia,2007,41.004,5399000
SVK,Slovakia,2008,41.404,5399000
SVK,Slovakia,2009,37.654,5401000
SVK,Slovakia,2010,38.499,5404000
SVK,Slovakia,2011,38.066,5409000
SVK,Slovakia,2012,35.979,5415000
SVK,Slovakia,2013,35.57,5422000
SVK,Slovakia,2014,33.638,5429000
SVK,Slovakia,2015,34.467,5436000
SVK,Slovakia,2016,34.893,5442000
SVK,Slovakia,2017,36.034,5448000
SVK,Slovakia,2018,36.028,5453000
SVN,Slovenia,1993,14.303,2001000
SVN,Slovenia,1994,14.643,1995000
SVN,Slovenia,1995,15.255,1991000
SVN,Slovenia,1996,15.917,1989000
SVN,Slovenia,1997,16.245,1987000
SVN,Slovenia,1998,15.961,1987000
SVN,Slovenia,1999,15.337,1988000
SVN,Slovenia,2000,15.445,1988000
SVN,Slovenia,2001,16.378,1987000
SVN,Slovenia,2002,16.525,1987000
SVN,Slovenia,2003,16.289,1988000
SVN,Slovenia,2004,16.651,1990000
SVN,Slovenia,2005,16.948,1995000
SVN,Slovenia,2006,17.142,2002000
SVN,Slovenia,2007,17.279,2012000
SVN,Slovenia,2008,18.216,2023000
SVN,Slovenia,2009,16.325,2034000
SVN,Slovenia,2010,16.369,2043000
SVN,Slovenia,2011,16.354,2051000
SVN,Slovenia,2012,15.813,2058000
SVN,Slovenia,2013,15.179,2063000
SVN,Slovenia,2014,13.524,2067000
SVN,Slovenia,2015,13.612,2071000
SVN,Slovenia,2016,14.414,2074000
SVN,Slovenia,2017,14.259,2076000
SVN,Slovenia,2018,14.432,2078000
SOM,Somalia,1993,0.639,7316000
SOM,Somalia,1994,0.628,7373000
SOM,Somalia,1995,0.588,7492000
SOM,Somalia,1996,0.568,7683000
SOM,Somalia,1997,0.539,7936000
SOM,Somalia,1998,0.513,8235000
SOM,Somalia,1999,0.491,8554000
SOM,Somalia,2000,0.48,8872000
SOM,Somalia,2001,0.502,9187000
SOM,Somalia,2002,0.586,9501000
SOM,Somalia,2003,0.594,9815000
SOM,Somalia,2004,0.594,10130000
SOM,Somalia,2005,0.594,10447000
SOM,Somalia,2006,0.594,10764000
SOM,Somalia,2007,0.608,11080000
SOM,Somalia,2008,0.601,11397000
SOM,Somalia,2009,0.597,11718000
SOM,Somalia,2010,0.612,12044000
SOM,Somalia,2011,0.612,12376000
SOM,Somalia,2012,0.608,12715000
SOM,Somalia,2013,0.63,13064000
SOM,Somalia,2014,0.63,13424000
SOM,Somalia,2015,0.63,13797000
SOM,Somalia,2016,0.645,14186000
SOM,Somalia,2017,0.679,14589000
SOM,Somalia,2018,0.699,15008000
ZAF,South Africa,1993,320.709,39634000
ZAF,South Africa,1994,338.804,40564000
ZAF,South Africa,1995,361.861,41436000
ZAF,South Africa,1996,363.999,42241000
ZAF,South Africa,1997,385.7,42987000
ZAF,South Africa,1998,377.312,43682000
ZAF,South Africa,1999,374.83,44339000
ZAF,South Africa,2000,378.255,44968000
ZAF,South Africa,2001,371.517,45571000
ZAF,South Africa,2002,356.357,46151000
ZAF,South Africa,2003,404.173,46719000
ZAF,South Africa,2004,449.079,47292000
ZAF,South Africa,2005,415.925,47881000
ZAF,South Africa,2006,446.623,48489000
ZAF,South Africa,2007,464.8,49120000
ZAF,South Africa,2008,494.642,49779000
ZAF,South Africa,2009,502.259,50477000
ZAF,South Africa,2010,468.835,51217000
ZAF,South Africa,2011,475.814,52004000
ZAF,South Africa,2012,462.949,52833000
ZAF,South Africa,2013,457.441,53687000
ZAF,South Africa,2014,482.764,54544000
ZAF,South Africa,2015,462.3,55386000
ZAF,South Africa,2016,474.981,56208000
ZAF,South Africa,2017,462.812,57010000
ZAF,South Africa,2018,467.562,57793000
KOR,South Korea,1993,321.838,44335000
KOR,South Korea,1994,344.264,44820000
KOR,South Korea,1995,373.992,45293000
KOR,South Korea,1996,401.53,45751000
KOR,South Korea,1997,427.786,46196000
KOR,South Korea,1998,363.548,46621000
KOR,South Korea,1999,398.325,47017000
KOR,South Korea,2000,445.441,47379000
KOR,South Korea,2001,448.551,47706000
KOR,South Korea,2002,463.628,48000000
KOR,South Korea,2003,462.407,48261000
KOR,South Korea,2004,478.606,48493000
KOR,South Korea,2005,459.342,48701000
KOR,South Korea,2006,465.606,48880000
KOR,South Korea,2007,493.353,49035000
KOR,South Korea,2008,505.783,49182000
KOR,South Korea,2009,506.764,49347000
KOR,South Korea,2010,565.961,49546000
KOR,South Korea,2011,588.404,49786000
KOR,South Korea,2012,583.632,50061000
KOR,South Korea,2013,591.54,50346000
KOR,South Korea,2014,586.548,50608000
KOR,South Korea,2015,595.394,50823000
KOR,South Korea,2016,617.96,50983000
KOR,South Korea,2017,640.585,51096000
KOR,South Korea,2018,658.788,51172000
ESP,Spain,1993,241.009,39534000
ESP,Spain,1994,253.533,39660000
ESP,Spain,1995,267.227,39787000
ESP,Spain,1996,254.637,39909000
ESP,Spain,1997,267.16,40035000
ESP,Spain,1998,275.694,40202000
ESP,Spain,1999,299.122,40454000
ESP,Spain,2000,310.828,40825000
ESP,Spain,2001,312.737,41319000
ESP,Spain,2002,332.893,41920000
ESP,Spain,2003,336.87,42596000
ESP,Spain,2004,353.369,43308000
ESP,Spain,2005,368.056,44019000
ESP,Spain,2006,359.302,44729000
ESP,Spain,2007,367.223,45429000
ESP,Spain,2008,335.679,46069000
ESP,Spain,2009,296.597,46584000
ESP,Spain,2010,283.109,46931000
ESP,Spain,2011,284.041,47084000
ESP,Spain,2012,278.646,47063000
ESP,Spain,2013,251.973,46931000
ESP,Spain,2014,254.518,46778000
ESP,Spain,2015,271.1,46672000
ESP,Spain,2016,260.289,46634000
ESP,Spain,2017,274.427,46647000
ESP,Spain,2018,268.234,46693000
SWZ,Swaziland,1993,0.711,888000
SWZ,Swaziland,1994,1.081,908000
SWZ,Swaziland,1995,1.063,927000
SWZ,Swaziland,1996,0.96,946000
SWZ,Swaziland,1997,1.202,963000
SWZ,Swaziland,1998,1.213,980000
SWZ,Swaziland,1999,1.238,994000
SWZ,Swaziland,2000,1.191,1005000
SWZ,Swaziland,2001,1.147,1014000
SWZ,Swaziland,2002,1.132,1019000
SWZ,Swaziland,2003,1.048,1023000
SWZ,Swaziland,2004,1.041,1026000
SWZ,Swaziland,2005,1.03,1031000
SWZ,Swaziland,2006,1.03,1036000
SWZ,Swaziland,2007,1.077,1043000
SWZ,Swaziland,2008,1.11,1050000
SWZ,Swaziland,2009,1.066,1057000
SWZ,Swaziland,2010,1.059,1065000
SWZ,Swaziland,2011,1.074,1072000
SWZ,Swaziland,2012,1.235,1079000
SWZ,Swaziland,2013,1.524,1087000
SWZ,Swaziland,2014,0.901,1095000
SWZ,Swaziland,2015,0.982,1104000
SWZ,Swaziland,2016,1.154,1114000
SWZ,Swaziland,2017,1.211,1125000
SWZ,Swaziland,2018,1.199,1136000
CHE,Switzerland,1993,43.605,6869000
CHE,Switzerland,1994,42.679,6938000
CHE,Switzerland,1995,43.414,6996000
CHE,Switzerland,1996,44.099,7038000
CHE,Switzerland,1997,43.035,7069000
CHE,Switzerland,1998,44.613,7092000
CHE,Switzerland,1999,44.442,7115000
CHE,Switzerland,2000,43.612,7144000
CHE,Switzerland,2001,45.076,7179000
CHE,Switzerland,2002,43.459,7220000
CHE,Switzerland,2003,44.644,7268000
CHE,Switzerland,2004,45.229,7324000
CHE,Switzerland,2005,45.78,7387000
CHE,Switzerland,2006,45.366,7458000
CHE,Switzerland,2007,43.36,7537000
CHE,Switzerland,2008,44.707,7623000
CHE,Switzerland,2009,43.529,7714000
CHE,Switzerland,2010,45.043,7809000
CHE,Switzerland,2011,40.979,7907000
CHE,Switzerland,2012,42.248,8008000
CHE,Switzerland,2013,43.179,8109000
CHE,Switzerland,2014,39.229,8206000
CHE,Switzerland,2015,38.728,8297000
CHE,Switzerland,2016,39.187,8380000
CHE,Switzerland,2017,38.172,8456000
CHE,Switzerland,2018,36.873,8526000
SYR,Syria,1993,45.222,13565000
SYR,Syria,1994,46.19,13950000
SYR,Syria,1995,41.2,14345000
SYR,Syria,1996,42.322,14754000
SYR,Syria,1997,45.377,15175000
SYR,Syria,1998,49.758,15600000
SYR,Syria,1999,51.771,16014000
SYR,Syria,2000,50.482,16411000
SYR,Syria,2001,48.141,16767000
SYR,Syria,2002,38.439,17085000
SYR,Syria,2003,53.581,17415000
SYR,Syria,2004,50.385,17828000
SYR,Syria,2005,49.881,18361000
SYR,Syria,2006,52.84,19059000
SYR,Syria,2007,65.718,19878000
SYR,Syria,2008,66.877,20664000
SYR,Syria,2009,61.562,21206000
SYR,Syria,2010,60.716,21363000
SYR,Syria,2011,56.139,21082000
SYR,Syria,2012,43.79,20439000
SYR,Syria,2013,35.809,19578000
SYR,Syria,2014,30.112,18711000
SYR,Syria,2015,28.675,17997000
SYR,Syria,2016,28.508,17466000
SYR,Syria,2017,28.328,17096000
SYR,Syria,2018,28.277,16945000
TWN,Taiwan,1993,152.172,21045000
TWN,Taiwan,1994,157.875,21207000
TWN,Taiwan,1995,165.648,21356000
TWN,Taiwan,1996,173.728,21489000
TWN,Taiwan,1997,186.936,21608000
TWN,Taiwan,1998,197.652,21722000
TWN,Taiwan,1999,205.314,21839000
TWN,Taiwan,2000,221.92,21967000
TWN,Taiwan,2001,224.03,22109000
TWN,Taiwan,2002,235.36,22262000
TWN,Taiwan,2003,241.63,22420000
TWN,Taiwan,2004,250.259,22570000
TWN,Taiwan,2005,255.804,22706000
TWN,Taiwan,2006,248.964,22824000
TWN,Taiwan,2007,273.734,22927000
TWN,Taiwan,2008,260.073,23019000
TWN,Taiwan,2009,246.907,23105000
TWN,Taiwan,2010,264.82,23188000
TWN,Taiwan,2011,266.485,23269000
TWN,Taiwan,2012,255.477,23347000
TWN,Taiwan,2013,257.708,23422000
TWN,Taiwan,2014,261.243,23492000
TWN,Taiwan,2015,257.156,23557000
TWN,Taiwan,2016,265.284,23618000
TWN,Taiwan,2017,274.568,23675000
TWN,Taiwan,2018,274.643,23726000
TJK,Tajikistan,1993,5.161,5593000
TJK,Tajikistan,1994,2.347,5679000
TJK,Tajikistan,1995,2.443,5765000
TJK,Tajikistan,1996,2.822,5851000
TJK,Tajikistan,1997,2.149,5938000
TJK,Tajikistan,1998,2.494,6027000
TJK,Tajikistan,1999,2.516,6120000
TJK,Tajikistan,2000,2.232,6216000
TJK,Tajikistan,2001,2.285,6319000
TJK,Tajikistan,2002,1.873,6427000
TJK,Tajikistan,2003,2.062,6542000
TJK,Tajikistan,2004,2.547,6662000
TJK,Tajikistan,2005,2.421,6789000
TJK,Tajikistan,2006,2.634,6923000
TJK,Tajikistan,2007,3.204,7063000
TJK,Tajikistan,2008,2.882,7210000
TJK,Tajikistan,2009,2.431,7365000
TJK,Tajikistan,2010,2.51,7527000
TJK,Tajikistan,2011,2.316,7698000
TJK,Tajikistan,2012,2.904,7875000
TJK,Tajikistan,2013,2.869,8060000
TJK,Tajikistan,2014,4.493,8253000
TJK,Tajikistan,2015,4.848,8454000
TJK,Tajikistan,2016,5.159,8664000
TJK,Tajikistan,2017,5.154,8880000
TJK,Tajikistan,2018,5.485,9101000
TZA,Tanzania,1993,2.425,27887000
TZA,Tanzania,1994,2.064,28793000
TZA,Tanzania,1995,2.434,29649000
TZA,Tanzania,1996,2.527,30445000
TZA,Tanzania,1997,2.823,31193000
TZA,Tanzania,1998,2.481,31924000
TZA,Tanzania,1999,2.458,32682000
TZA,Tanzania,2000,2.571,33499000
TZA,Tanzania,2001,3.04,34386000
TZA,Tanzania,2002,3.487,35335000
TZA,Tanzania,2003,3.686,36338000
TZA,Tanzania,2004,4.232,37380000
TZA,Tanzania,2005,5.36,38450000
TZA,Tanzania,2006,5.879,39549000
TZA,Tanzania,2007,5.71,40681000
TZA,Tanzania,2008,5.937,41854000
TZA,Tanzania,2009,5.694,43074000
TZA,Tanzania,2010,6.841,44347000
TZA,Tanzania,2011,7.807,45674000
TZA,Tanzania,2012,9.238,47053000
TZA,Tanzania,2013,10.912,48483000
TZA,Tanzania,2014,11.241,49961000
TZA,Tanzania,2015,12.576,51483000
TZA,Tanzania,2016,11.608,53049000
TZA,Tanzania,2017,12.121,54660000
TZA,Tanzania,2018,12.499,56313000
THA,Thailand,1993,121.213,58338000
THA,Thailand,1994,134.507,58875000
THA,Thailand,1995,156.636,59467000
THA,Thailand,1996,173.729,60130000
THA,Thailand,1997,179.06,60847000
THA,Thailand,1998,159.239,61585000
THA,Thailand,1999,166.143,62299000
THA,Thailand,2000,170.698,62953000
THA,Thailand,2001,182.484,63539000
THA,Thailand,2002,192.054,64069000
THA,Thailand,2003,203.237,64550000
THA,Thailand,2004,218.514,64995000
THA,Thailand,2005,224.346,65416000
THA,Thailand,2006,227.717,65813000
THA,Thailand,2007,230.762,66182000
THA,Thailand,2008,228.116,66531000
THA,Thailand,2009,243.279,66867000
THA,Thailand,2010,256.422,67195000
THA,Thailand,2011,253.801,67518000
THA,Thailand,2012,270.175,67836000
THA,Thailand,2013,284.042,68145000
THA,Thailand,2014,277.979,68439000
THA,Thailand,2015,281.267,68715000
THA,Thailand,2016,280.371,68971000
THA,Thailand,2017,285.153,69210000
THA,Thailand,2018,288.229,69428000
TUR,Turkey,1993,171.011,56654000
TUR,Turkey,1994,167.433,57564000
TUR,Turkey,1995,180.903,58486000
TUR,Turkey,1996,199.522,59423000
TUR,Turkey,1997,212.006,60373000
TUR,Turkey,1998,212.04,61330000
TUR,Turkey,1999,207.804,62287000
TUR,Turkey,2000,229.791,63240000
TUR,Turkey,2001,213.486,64192000
TUR,Turkey,2002,220.978,65145000
TUR,Turkey,2003,236.484,66089000
TUR,Turkey,2004,244.464,67011000
TUR,Turkey,2005,264.201,67903000
TUR,Turkey,2006,281.649,68757000
TUR,Turkey,2007,312.737,69582000
TUR,Turkey,2008,309.321,70419000
TUR,Turkey,2009,315.36,71321000
TUR,Turkey,2010,314.38,72327000
TUR,Turkey,2011,339.482,73443000
TUR,Turkey,2012,353.666,74651000
TUR,Turkey,2013,345.221,75925000
TUR,Turkey,2014,361.675,77229000
TUR,Turkey,2015,381.332,78529000
TUR,Turkey,2016,401.24,79828000
TUR,Turkey,2017,425.33,81116000
TUR,Turkey,2018,428.18,82340000
TKM,Turkmenistan,1993,27.518,4011000
TKM,Turkmenistan,1994,33.443,4115000
TKM,Turkmenistan,1995,33.932,4208000
TKM,Turkmenistan,1996,30.604,4287000
TKM,Turkmenistan,1997,30.556,4355000
TKM,Turkmenistan,1998,32.025,4413000
TKM,Turkmenistan,1999,37.605,4466000
TKM,Turkmenistan,2000,37.466,4516000
TKM,Turkmenistan,2001,38,4564000
TKM,Turkmenistan,2002,39.89,4610000
TKM,Turkmenistan,2003,44.52,4656000
TKM,Turkmenistan,2004,46.447,4703000
TKM,Turkmenistan,2005,48.232,4755000
TKM,Turkmenistan,2006,49.372,4810000
TKM,Turkmenistan,2007,55.89,4870000
TKM,Turkmenistan,2008,56.666,4936000
TKM,Turkmenistan,2009,50.171,5008000
TKM,Turkmenistan,2010,57.109,5087000
TKM,Turkmenistan,2011,62.182,5174000
TKM,Turkmenistan,2012,64.533,5268000
TKM,Turkmenistan,2013,66.374,5366000
TKM,Turkmenistan,2014,68.032,5466000
TKM,Turkmenistan,2015,70.231,5565000
TKM,Turkmenistan,2016,70.164,5662000
TKM,Turkmenistan,2017,73.138,5758000
TKM,Turkmenistan,2018,79.894,5851000
UGA,Uganda,1993,0.801,19176000
UGA,Uganda,1994,0.711,19794000
UGA,Uganda,1995,0.934,20413000
UGA,Uganda,1996,1.04,21033000
UGA,Uganda,1997,1.087,21655000
UGA,Uganda,1998,1.241,22291000
UGA,Uganda,1999,1.29,22952000
UGA,Uganda,2000,1.402,23650000
UGA,Uganda,2001,1.468,24389000
UGA,Uganda,2002,1.508,25167000
UGA,Uganda,2003,1.577,25981000
UGA,Uganda,2004,1.681,26821000
UGA,Uganda,2005,2.105,27685000
UGA,Uganda,2006,2.469,28571000
UGA,Uganda,2007,2.815,29486000
UGA,Uganda,2008,3.052,30432000
UGA,Uganda,2009,3.247,31411000
UGA,Uganda,2010,3.765,32428000
UGA,Uganda,2011,4.068,33477000
UGA,Uganda,2012,3.879,34559000
UGA,Uganda,2013,4.184,35695000
UGA,Uganda,2014,4.533,36912000
UGA,Uganda,2015,5.079,38225000
UGA,Uganda,2016,5.399,39649000
UGA,Uganda,2017,5.636,41167000
UGA,Uganda,2018,5.771,42729000
UKR,Ukraine,1993,510.201,51316000
UKR,Ukraine,1994,419.268,51148000
UKR,Ukraine,1995,389.866,50904000
UKR,Ukraine,1996,351.41,50580000
UKR,Ukraine,1997,340.244,50187000
UKR,Ukraine,1998,328.58,49747000
UKR,Ukraine,1999,298.205,49289000
UKR,Ukraine,2000,285.338,48838000
UKR,Ukraine,2001,303.561,48402000
UKR,Ukraine,2002,295.675,47980000
UKR,Ukraine,2003,307.019,47582000
UKR,Ukraine,2004,310.365,47217000
UKR,Ukraine,2005,313.12,46891000
UKR,Ukraine,2006,332.673,46607000
UKR,Ukraine,2007,336.366,46366000
UKR,Ukraine,2008,325.535,46159000
UKR,Ukraine,2009,277.295,45971000
UKR,Ukraine,2010,294.079,45792000
UKR,Ukraine,2011,307.958,45620000
UKR,Ukraine,2012,303.965,45454000
UKR,Ukraine,2013,297.295,45287000
UKR,Ukraine,2014,257.588,45112000
UKR,Ukraine,2015,223.91,44922000
UKR,Ukraine,2016,234.204,44714000
UKR,Ukraine,2017,223.22,44488000
UKR,Ukraine,2018,225.018,44246000
ARE,United Arab Emirates,1993,65.565,2173000
ARE,United Arab Emirates,1994,72.605,2294000
ARE,United Arab Emirates,1995,70.013,2415000
ARE,United Arab Emirates,1996,72.775,2539000
ARE,United Arab Emirates,1997,73.101,2671000
ARE,United Arab Emirates,1998,80.682,2813000
ARE,United Arab Emirates,1999,77.543,2966000
ARE,United Arab Emirates,2000,111.788,3134000
ARE,United Arab Emirates,2001,100.592,3303000
ARE,United Arab Emirates,2002,83.698,3479000
ARE,United Arab Emirates,2003,105.619,3712000
ARE,United Arab Emirates,2004,111.802,4069000
ARE,United Arab Emirates,2005,114.477,4588000
ARE,United Arab Emirates,2006,121.737,5300000
ARE,United Arab Emirates,2007,133.264,6169000
ARE,United Arab Emirates,2008,153.968,7089000
ARE,United Arab Emirates,2009,165.5,7917000
ARE,United Arab Emirates,2010,155.977,8550000
ARE,United Arab Emirates,2011,169.175,8947000
ARE,United Arab Emirates,2012,217.354,9142000
ARE,United Arab Emirates,2013,218.132,9198000
ARE,United Arab Emirates,2014,222.978,9214000
ARE,United Arab Emirates,2015,191.625,9263000
ARE,United Arab Emirates,2016,203.174,9361000
ARE,United Arab Emirates,2017,200.04,9487000
ARE,United Arab Emirates,2018,205.602,9631000
GBR,United Kingdom,1993,579.036,57602000
GBR,United Kingdom,1994,575.166,57763000
GBR,United Kingdom,1995,566.657,57932000
GBR,United Kingdom,1996,588.37,58114000
GBR,United Kingdom,1997,562.299,58307000
GBR,United Kingdom,1998,567.45,58510000
GBR,United Kingdom,1999,560.499,58716000
GBR,United Kingdom,2000,567.186,58923000
GBR,United Kingdom,2001,575.989,59124000
GBR,United Kingdom,2002,560.056,59326000
GBR,United Kingdom,2003,571.521,59561000
GBR,United Kingdom,2004,573.008,59873000
GBR,United Kingdom,2005,569.7,60288000
GBR,United Kingdom,2006,567.236,60821000
GBR,United Kingdom,2007,558.959,61455000
GBR,United Kingdom,2008,544.541,62145000
GBR,United Kingdom,2009,494.065,62829000
GBR,United Kingdom,2010,511.831,63460000
GBR,United Kingdom,2011,469.609,64022000
GBR,United Kingdom,2012,487.633,64525000
GBR,United Kingdom,2013,477.751,64984000
GBR,United Kingdom,2014,438.874,65423000
GBR,United Kingdom,2015,422.413,65860000
GBR,United Kingdom,2016,399.839,66298000
GBR,United Kingdom,2017,387.387,66727000
GBR,United Kingdom,2018,379.04,67142000
USA,United States,1993,5281.387,259532000
USA,United States,1994,5375.034,262240992
USA,United States,1995,5436.698,265164000
USA,United States,1996,5625.042,268335008
USA,United States,1997,5701.921,271713984
USA,United States,1998,5749.893,275175008
USA,United States,1999,5829.52,278548000
USA,United States,2000,5997.299,281711008
USA,United States,2001,5899.855,284608000
USA,United States,2002,5942.421,287279008
USA,United States,2003,5991.191,289816000
USA,United States,2004,6105.444,292355008
USA,United States,2005,6130.552,294993984
USA,United States,2006,6050.385,297759008
USA,United States,2007,6127.888,300608000
USA,United States,2008,5928.256,303486016
USA,United States,2009,5493.548,306308000
USA,United States,2010,5700.108,309011008
USA,United States,2011,5572.585,311584000
USA,United States,2012,5371.777,314044000
USA,United States,2013,5522.908,316400992
USA,United States,2014,5572.106,318672992
USA,United States,2015,5422.966,320878016
USA,United States,2016,5306.662,323016000
USA,United States,2017,5270.749,325084992
USA,United States,2018,5416.278,327096000
URY,Uruguay,1993,4.439,3178000
URY,Uruguay,1994,4.03,3201000
URY,Uruguay,1995,4.559,3224000
URY,Uruguay,1996,5.404,3247000
URY,Uruguay,1997,5.513,3270000
URY,Uruguay,1998,5.64,3291000
URY,Uruguay,1999,6.681,3308000
URY,Uruguay,2000,5.267,3320000
URY,Uruguay,2001,5.031,3325000
URY,Uruguay,2002,4.558,3326000
URY,Uruguay,2003,4.528,3324000
URY,Uruguay,2004,5.564,3321000
URY,Uruguay,2005,5.726,3322000
URY,Uruguay,2006,6.596,3325000
URY,Uruguay,2007,5.947,3332000
URY,Uruguay,2008,8.201,3340000
URY,Uruguay,2009,7.947,3350000
URY,Uruguay,2010,6.297,3359000
URY,Uruguay,2011,7.654,3369000
URY,Uruguay,2012,8.593,3379000
URY,Uruguay,2013,7.49,3389000
URY,Uruguay,2014,6.656,3400000
URY,Uruguay,2015,6.618,3412000
URY,Uruguay,2016,6.683,3424000
URY,Uruguay,2017,6.702,3437000
URY,Uruguay,2018,6.944,3449000
UZB,Uzbekistan,1993,115.702,21862000
UZB,Uzbekistan,1994,108.116,22336000
UZB,Uzbekistan,1995,103.14,22791000
UZB,Uzbekistan,1996,106.019,23225000
UZB,Uzbekistan,1997,107.047,23640000
UZB,Uzbekistan,1998,118.946,24036000
UZB,Uzbekistan,1999,122.194,24412000
UZB,Uzbekistan,2000,121.445,24770000
UZB,Uzbekistan,2001,123.03,25109000
UZB,Uzbekistan,2002,127.94,25431000
UZB,Uzbekistan,2003,126.416,25749000
UZB,Uzbekistan,2004,125.576,26078000
UZB,Uzbekistan,2005,116.877,26428000
UZB,Uzbekistan,2006,119.698,26804000
UZB,Uzbekistan,2007,119.417,27205000
UZB,Uzbekistan,2008,123.336,27627000
UZB,Uzbekistan,2009,106.534,28065000
UZB,Uzbekistan,2010,103.581,28516000
UZB,Uzbekistan,2011,113.045,28977000
UZB,Uzbekistan,2012,115.122,29449000
UZB,Uzbekistan,2013,102.655,29933000
UZB,Uzbekistan,2014,104.481,30426000
UZB,Uzbekistan,2015,102.15,30930000
UZB,Uzbekistan,2016,91.005,31442000
UZB,Uzbekistan,2017,93.293,31960000
UZB,Uzbekistan,2018,91.265,32476000
VEN,Venezuela,1993,123.968,21017000
VEN,Venezuela,1994,129.531,21475000
VEN,Venezuela,1995,132.875,21931000
VEN,Venezuela,1996,122.34,22386000
VEN,Venezuela,1997,133.484,22838000
VEN,Venezuela,1998,166.802,23289000
VEN,Venezuela,1999,172.562,23740000
VEN,Venezuela,2000,151.871,24192000
VEN,Venezuela,2001,171.974,24646000
VEN,Venezuela,2002,192.746,25100000
VEN,Venezuela,2003,191.457,25552000
VEN,Venezuela,2004,151.268,25997000
VEN,Venezuela,2005,163.823,26432000
VEN,Venezuela,2006,169.668,26850000
VEN,Venezuela,2007,161.238,27248000
VEN,Venezuela,2008,179.572,27636000
VEN,Venezuela,2009,180.12,28031000
VEN,Venezuela,2010,189.469,28440000
VEN,Venezuela,2011,170.4,28888000
VEN,Venezuela,2012,190.974,29361000
VEN,Venezuela,2013,182.85,29781000
VEN,Venezuela,2014,184.136,30043000
VEN,Venezuela,2015,170.899,30082000
VEN,Venezuela,2016,163.209,29851000
VEN,Venezuela,2017,153.653,29402000
VEN,Venezuela,2018,138.765,28887000
YEM,Yemen,1993,8.626,13634000
YEM,Yemen,1994,8.983,14298000
YEM,Yemen,1995,10.352,14913000
YEM,Yemen,1996,10.527,15469000
YEM,Yemen,1997,11.316,15976000
YEM,Yemen,1998,12.064,16450000
YEM,Yemen,1999,13.725,16921000
YEM,Yemen,2000,14.474,17409000
YEM,Yemen,2001,16.017,17918000
YEM,Yemen,2002,15.554,18444000
YEM,Yemen,2003,17.082,18985000
YEM,Yemen,2004,18.646,19540000
YEM,Yemen,2005,19.795,20107000
YEM,Yemen,2006,21.085,20688000
YEM,Yemen,2007,20.719,21283000
YEM,Yemen,2008,22.025,21892000
YEM,Yemen,2009,24.251,22516000
YEM,Yemen,2010,23.152,23155000
YEM,Yemen,2011,20.191,23808000
YEM,Yemen,2012,18.267,24473000
YEM,Yemen,2013,24.977,25147000
YEM,Yemen,2014,24.185,25823000
YEM,Yemen,2015,12.699,26498000
YEM,Yemen,2016,10.243,27168000
YEM,Yemen,2017,10.107,27835000
YEM,Yemen,2018,10.141,28499000
ZMB,Zambia,1993,2.467,8656000
ZMB,Zambia,1994,2.393,8870000
ZMB,Zambia,1995,2.141,9097000
ZMB,Zambia,1996,1.837,9340000
ZMB,Zambia,1997,2.354,9598000
ZMB,Zambia,1998,2.279,9866000
ZMB,Zambia,1999,1.778,10141000
ZMB,Zambia,2000,1.785,10416000
ZMB,Zambia,2001,1.885,10692000
ZMB,Zambia,2002,1.96,10972000
ZMB,Zambia,2003,2.076,11257000
ZMB,Zambia,2004,2.104,11551000
ZMB,Zambia,2005,2.242,11856000
ZMB,Zambia,2006,2.232,12174000
ZMB,Zambia,2007,1.868,12503000
ZMB,Zambia,2008,2.106,12849000
ZMB,Zambia,2009,2.406,13215000
ZMB,Zambia,2010,2.563,13606000
ZMB,Zambia,2011,2.782,14023000
ZMB,Zambia,2012,3.489,14465000
ZMB,Zambia,2013,3.756,14927000
ZMB,Zambia,2014,4.256,15400000
ZMB,Zambia,2015,4.296,15879000
ZMB,Zambia,2016,4.838,16363000
ZMB,Zambia,2017,5.122,16854000
ZMB,Zambia,2018,5.228,17352000
ZWE,Zimbabwe,1993,16.259,11093000
ZWE,Zimbabwe,1994,17.684,11262000
ZWE,Zimbabwe,1995,15.029,11411000
ZWE,Zimbabwe,1996,14.891,11541000
ZWE,Zimbabwe,1997,14.294,11653000
ZWE,Zimbabwe,1998,14.14,11747000
ZWE,Zimbabwe,1999,15.728,11823000
ZWE,Zimbabwe,2000,13.818,11881000
ZWE,Zimbabwe,2001,12.509,11924000
ZWE,Zimbabwe,2002,11.897,11954000
ZWE,Zimbabwe,2003,10.608,11982000
ZWE,Zimbabwe,2004,9.429,12020000
ZWE,Zimbabwe,2005,10.7,12077000
ZWE,Zimbabwe,2006,10.365,12155000
ZWE,Zimbabwe,2007,9.834,12256000
ZWE,Zimbabwe,2008,7.719,12380000
ZWE,Zimbabwe,2009,5.519,12527000
ZWE,Zimbabwe,2010,7.707,12698000
ZWE,Zimbabwe,2011,9.498,12894000
ZWE,Zimbabwe,2012,7.695,13115000
ZWE,Zimbabwe,2013,11.632,13350000
ZWE,Zimbabwe,2014,11.962,13587000
ZWE,Zimbabwe,2015,12.163,13815000
ZWE,Zimbabwe,2016,10.807,14030000
ZWE,Zimbabwe,2017,12.026,14237000
ZWE,Zimbabwe,2018,12.263,14439000
